1	应激性生活事件在睡眠时型与青少年抑郁情绪间的中介作用	余新连;赵习存;代欣月;朱桂君;徐莹	成都中医药大学基础医学院	2023/11/21 16:37	中国学校卫生	医药卫生科技	预防医学与卫生学	期刊	0	97	"应激,心理学; 睡眠; 抑郁; 精神卫生; 青少年"	"目的 使用纵向中介模型探究应激性生活事件作为中介变量时，睡眠时型与抑郁情绪之间的内在关联机制，为预防青少年抑郁情绪提供参考依据。方法 在2022年3月(T1)和10月(T2),以慕尼黑睡眠时型问卷(MCTQ)、青少年生活事件量表(ASLEC)和流调中心用抑郁量表(CES-D)为调查工具，对四川眉山某中学的初一、初二年级1 251名中学生进行追踪研究，共收集到2个时点的睡眠时型、应激性生活事件、抑郁情绪数据。结果 在T1时青少年抑郁情绪检出率为22.5%,在T2时抑郁情绪检出率为27.0%;在同一时间点，睡眠时型、应激性生活事件以及抑郁情绪之间均呈正相关(r=0.06～0.69,P值均<0.05)。交叉滞后模型结果显示，早期的睡眠时型可以预测后期的抑郁情绪(β=0.53,P<0.05),早期的抑郁情绪也能够显著预测后期的睡眠时型(β=0.01,P<0.01);纵向中介模型分析表明，T1睡眠时型不仅可以直接影响T2抑郁情绪(直接效应值为1.421,95%CI=0.985～1.858),还可以通过T2应激性生活事件的中介作用影响T2抑郁情绪(间接效应值为1.268,95%CI=0.810～1.726)(P值均<0.05);尽管T1抑郁情绪可以直接预测T2睡眠时型(直接效应值为0.025,95%CI=0.017～0.032,P<0.05),但不能够通过T2应激性生活事件的部分中介作用预测T2睡眠时型(间接效应值为-0.001,95%CI=-0.006～0.004,P>0.05)。结论 睡眠时型不仅可以直接纵向预测青少年的抑郁情绪，同时也能通过应激性生活事件的纵向中介作用间接影响青少年的抑郁情绪。青少年应养成早睡早起的生活习惯，并提高对应激性生活事件的应对能力，降低抑郁情绪的发生，提高心理健康水平。 "	https://kns.cnki.net/kcms2/article/abstract?v=z-q19lQZUWFHg3qTL79g2Yw-op3iS6e86xnolwKOpD5VVdz-KDiL12oBfsrWBJqJIdzchQm3m9AOTTl7UQOHgWB-2J_bDVBzX3Kt1sw67LGEXKUApjctzIi7UMePwX855HQS0kZX3nU=&uniplatform=NZKPT&language=CHS
2	重性抑郁障碍伴焦虑痛苦特征青少年静息态脑影像学特征 网络首发	李改智;乔丹;牛颖;温宇娇;刘志芬	1. 山西医科大学第一临床医学院2. 山西医科大学第一医院精神卫生科3. 山西医科大学医学科学院	2023/11/16 18:31	中国儿童保健杂志	医药卫生科技	儿科学;精神病学	期刊	0	47	重性抑郁障碍; 焦虑痛苦特征; 青少年	"目的 分析伴焦虑痛苦特征的重型抑郁障碍(MDD)青少年静息态脑影像学特征,进一步了解其神经机制。方法 采取方便抽样纳入2022年1―12月期间就诊于山西医科大学第一医院精神卫生科门诊的27例MDD伴焦虑痛苦特征青少年和社区招募的36名健康对照。采用3.0T西门子磁共振扫描仪采集静息态脑影像学数据。比较两组青少年一般人口学资料、脑影像学数据的差异,分析差异脑区与临床症状的相关。结果 MDD伴焦虑痛苦特征组和对照组年龄、性别差异无统计学意义(P>0.05)。将年龄、性别、受教育年限作为协变量,MDD组左侧枕中回的Bc值(节点介数)高于健康对照组(P<0.05,FDR校正),双侧枕下回的NCp(节点聚类系数)、NLe(节点局部效率)、以及左侧楔叶的NLe(节点局部效率)低于健康对照组(P<0.05,FDR校正)。差异脑区与汉密尔顿抑郁量表(HAMD)和焦虑量表(HAMA)得分无显著相关性(P>0.05,FDR校正)。结论 伴有焦虑痛苦特征的重性抑郁障碍青少年局部节点的拓扑属性存在异常,表现为双侧枕下回,左侧楔叶以及枕中回,本研究为进一步了解MDD伴有焦虑痛苦特征亚型青少年的神经机制提供脑影像学的证据支持。 "	https://kns.cnki.net/kcms2/article/abstract?v=z-q19lQZUWE3nbdUksViuBZbdttAb_SAZGuWJpBhJwOfXGiUboppgJk8elETsiRLjufeY4wv2IsCAOf-5_As9lqfbatJqdY2AmHEfW2LLzU3SC29cceg5Con2HWuUqYMuIs6VTIrouU=&uniplatform=NZKPT&language=CHS
3	杭州地区青少年抑郁患者的用药现状分析	吴凡;田子彤	1. 浙江中医药大学附属第一医院2. 陕西省肿瘤医院	2023/11/9	儿科药学杂志	医药卫生科技	儿科学;精神病学;药学	期刊	0	102	青少年; 抑郁症; 抗抑郁药; 用药分析; 年复合增长率; 双相情感障碍	"目的:通过真实世界数据分析杭州地区青少年抑郁患者的用药现状,为临床治疗提供参考。方法:收集杭州地区12家医院2018-2020年青少年抑郁患者的用药数据,对患者基本资料、处方数据、用药方案等进行统计分析。结果:杭州地区2018-2020年青少年抑郁患者例次逐年上升,平均年龄逐年下降,女性例次高于男性;用药主要为一二线抗抑郁药、抗精神病药、镇静催眠药等,其中舍曲林最常用;用药方案以二线抗抑郁药单用为主,一二线抗抑郁药与抗精神病药联用方案占比增长较快(年复合增长率为18.66%);双相情感障碍组药物联用率较高(P<0.05)。结论:杭州地区青少年抑郁患者呈快速增长和年轻化趋势,临床用药以二线治疗药物为主,并能根据患者实际症状遵循指南合理应用。"	https://kns.cnki.net/kcms2/article/abstract?v=z-q19lQZUWE3nbdUksViuBZbdttAb_SAHVhkl3UJp8hwSjygCfEbMc_NhA0kRebXPJiwGfOHcKqAzDpFrr455XP1OC2BQllnRHyzz-aFbPsPExSOVPH2bDwZuBJEaOR-i0er8Q-SXEZZutxfQ5XZWw==&uniplatform=NZKPT&language=CHS
4	虚拟现实（VR）+音乐干预青少年抑郁情绪的应用研究	曾申娟;文利琴;雍小敏;欧阳伟;黄晰	萍乡市第二人民医院	2023/11/1	基层医学论坛	医药卫生科技	临床医学	期刊	0	38	虚拟现实; 音乐干预; 青少年; 抑郁	"目的 分析虚拟现实（VR）+音乐干预青少年抑郁情绪的应用效果。方法 选取2021年1月―2022年3月在萍乡市第二人民医院就诊的60例青少年（12～16岁）抑郁患者，利用电脑随机数字表法分成对照组和观察组，各30例。对照组采用常规社交技能、放松技能训练和情绪调节等干预，观察组在对照组的基础上增加虚拟现实（VR）的注意力训练和音乐改善精神状态干预，比较2组患者干预前后情绪、睡眠质量、治疗依从性和干预满意度。结果 干预后，观察组汉密顿抑郁量表（hamilton depression scale,HAMD）评分、匹兹堡睡眠指数量表（pittsburgh sleep quality index,PSQI）评分、不适应性策略评分均低于对照组，而适应性策略评分、依从率、满意度均高于对照组（P<0.05）。结论 VR+音乐干预在改善青少年抑郁情绪方面效果显著，可促进青少年认知情绪调节，提升满意度，改善生活质量，值得推广。"	https://kns.cnki.net/kcms2/article/abstract?v=z-q19lQZUWEoUFkAjqCVbMLKnoZCcLBXerqmHMdb7AkOXA86ecz43H-S2qr1TTdnxvRoWiNyIBT5bsig9tONcuPFrZoCX-BfnqkHYxuu5DiDd2GssPJxYp3QypM723Ad9QAEwREwJF0=&uniplatform=NZKPT&language=CHS
5	媒介使用行为对青少年抑郁情绪的影响――家庭健康和自我效能的链式中介作用	龚芳敏;易培;吴一波	1. 吉首大学文学与新闻传播学院2. 北京大学公共卫生学院	2023/11/1	吉首大学学报(社会科学版)	哲学与人文科学;社会科学Ⅱ辑	心理学;教育理论与教育管理	期刊	0	21	媒介使用行为; 青少年; 抑郁情绪; 家庭健康; 自我效能	青少年在心理发展上具有不确定性、可塑性和易波动性等特点，媒介使用对其心理发展与心理健康影响巨大，机制复杂。学界多从媒介类型的角度探讨各类媒介对青少年社会认知和心理健康的影响，直接路径分析较多，但从以目的为导向的媒介使用行为角度来深入分析其内在的作用机制的研究甚少。基于此，本文以全国青少年的大样本调查数据为依据，利用家庭健康和自我效能两个社会认知变量构建媒介使用行为对抑郁影响的链式中介模型，并进行相应的验证后发现：媒介使用行为正向预测青少年的抑郁情绪。家庭健康和自我效能在媒介使用行为和抑郁情绪之间起中介作用，遮掩效应显著；同时，二者的链式中介效应也表现为遮掩效应。此外，经多群组分析发现，15～18岁的青少年媒介使用行为对抑郁情绪的影响更显著，而19～24岁的青少年媒介使用行为对家庭健康和自我效能的影响会更加突出。基于生态系统和社会认知等理论，本文揭示了青少年这一群体有关抑郁影响因素和影响路径的特殊性，为青少年抑郁情绪的预防和干预提供了针对性证据，对改善青少年抑郁情绪预防策略，提升其抑郁情绪干预效果有重要参考价值。	https://kns.cnki.net/kcms2/article/abstract?v=z-q19lQZUWGMOe3gn7aImUmjNK77SR9UQhOXUH-V_G0vBcvmnnpr3kH84CBf_JK3kOFX3hWnm-_8gEwpJtC_6UJPaMQYh-QtmsUtHvEqchumM7_vreXkYCSkyEmRYbzyirBqdY0MInk=&uniplatform=NZKPT&language=CHS
6	团体沙盘游戏治疗青少年抑郁情绪的应用研究	张春娜;林欢;丘顺如;陈玉玲;杨淑梅	东莞市第七人民医院青少年心理科	2023/10/30	婚育与健康	医药卫生科技	儿科学;精神病学	期刊	0	0	沙盘治疗; 青少年; 抑郁情绪	目的：探究团体沙盘游戏治疗青少年抑郁情绪的应用效果。方法：选取我院2022年1月―2022年12月符合条件的88例青少年抑郁情绪患者，按照抽签法分为对照组和试验组（n=44），对照组采用常规干预方式，试验组在对照组的基础上采用团体沙盘游戏干预方式。评估两组患者抑郁情况。结果：相较于治疗前，治疗后试验组SDS评分低于对照组（P<0.05）。结论：团体沙盘游戏治疗青少年抑郁情绪的应用效果较好，可以改善青少年患者的抑郁情绪状态。	https://kns.cnki.net/kcms2/article/abstract?v=z-q19lQZUWGMOe3gn7aImUmjNK77SR9UQhOXUH-V_G17IwBWps90OH0JxiftKJSOzrmscs9tiA9MKpElpCTG9p242cf4GC9tI8l_ZnqY0kmLXsHV4uiBL8U_pUcsFaV4XorqCPFgO2o=&uniplatform=NZKPT&language=CHS
7	MBFT干预对抑郁障碍青少年心境状态和非自杀性自伤行为的影响	朱日霞;曾德宾;林荫	海南省安宁医院医学心理科	2023/10/28	贵州医科大学学报	医药卫生科技	儿科学;精神病学	期刊	0	67	心智化家庭治疗; 抑郁障碍; 青少年; 心境状态; 非自杀性自伤行为	"目的 探讨心智化家庭治疗(MBFT)对抑郁障碍青少年心境状态及非自杀性自伤行为(NSSI)的影响。方法 将114例抑郁障碍青少年均分为对照组和观察组，对照组予以常规药物治疗，观察组在药物治疗基础上增加MBFT干预，均治疗12周；比较2组治疗12周时的临床疗效，比较2组患者治疗前后汉密尔顿抑郁量表(HAMD)、汉密尔顿焦虑量表(HAMA)、心境状态量表(POMS)评分与NSSI情况，比较2组患者治疗前后血清去甲肾上腺素(NE)及5-羟色胺(5-HT)水平。结果 观察组患者临床总有效率(87.72%)高于对照组(71.93%),差异有统计学意义(P<0.05);观察组干预后HAMD、HAMA评分均低于对照组(P<0.05);与对照组相比，观察组干预后POMS中消极心境评分更低、积极心境评分则更高(P<0.05);观察组干预后NSSI频次及对身体伤害的严重程度均低于对照组(P<0.05);观察组干预后血清NE水平低于对照组，5-HT水平更高(P<0.05)。结论 MBFT干预可明显改善青少年抑郁症患者的情绪状态和心境，减少NSSI,均衡NE、5-HT水平。"	https://kns.cnki.net/kcms2/article/abstract?v=z-q19lQZUWG4cr_kGaBk1p1B7T2zKLcLyPZ1_5QaiKY7OOMRUV1S2cbZiXsucitmXprXvcvtSS_NCfv2Nez8_QPh0vH48aeqn8gl-yNRfueMscpLlP9SloQbttLy2sgjwaymRwl9KFduwjRlRRh_RQ==&uniplatform=NZKPT&language=CHS
8	亲子健康教育对住院青少年抑郁障碍患者心理康复的影响	范喜英;朱晓茜;黄淑津	广西南宁市第五人民医院心理科	2023/10/28	内科	医药卫生科技	临床医学	期刊	0	15	亲子健康教育; 抑郁障碍; 青少年; 心理康复	目的 探讨亲子健康教育对住院青少年抑郁障碍患者心理康复的影响。方法 选取80例住院青少年抑郁障碍患者作为研究对象，随机将其分为对照组和观察组，每组40例。对照组行常规治疗、护理和健康教育，观察组在此基础上增加亲子健康教育，两组均干预4周。比较两组汉密尔顿抑郁量表(HAMD)评分和护士用住院病人观察量表(NOSIE)评分。结果 干预结束后3个月，观察组HAMD评分低于对照组；干预4周后、干预结束3个月，观察组NOSIE总分均高于对照组(均P<0.05)。结论 亲子健康教育可有效地改善住院青少年抑郁障碍患者的抑郁症状，减轻其行为障碍程度。	https://kns.cnki.net/kcms2/article/abstract?v=z-q19lQZUWGu7z2kcGgNMb5YwML1FeN5OTwurpEYwX_TP6sIoK08QbUXTF6b3wOQrd3NwJWiZ01ii5eA0IHQ1MG9cPQgzut5rFx95lRaQUCMQRaV-jWFMy9zM_dCeDHGqaTvQsm5B44=&uniplatform=NZKPT&language=CHS
9	儿童青少年抑郁障碍住院患者非自杀性自伤检出率及影响因素分析	杨荣春;刘志伟;孙亮;张静静;马倩茹	安徽省阜阳市第三人民医院精神科	2023/10/25	国际精神病学杂志	医药卫生科技	儿科学;精神病学	期刊	0	54	儿童青少年; 抑郁障碍; 非自杀性自伤; 检出率; 影响因素	"目的 探索儿童青少年抑郁障碍住院患者非自杀性自伤（non-suicidal self-injury,NSSI检出率及相关影响因素。方法 选取在阜阳市第三人民医院住院的抑郁障碍儿童青少年患者，收集一般人口学资料及临床数据。采用相关性分析及回归分析探讨抑郁障碍患者伴NSSI的独立影响因素。结果 抑郁障碍患者伴NSSI检出率为35.2%(266/756)。NSSI行为与性别、总病程、体质指数（body mass index,BMI）、BMI分级和高密度脂蛋白（high-density lipoprotein,HDL）水平呈正相关；与年龄、发病年龄、首次住院年龄呈负相关（P<0.05）。回归分析指出，女性（OR=2.02）、肥胖（OR=1.87）是抑郁障碍患儿伴NSSI的危险因素，而发病年龄较大（OR=0.81）是NSSI发生的保护性因素（P<0.05）。结论 儿童青少年抑郁障碍住院患者NSSI检出率较高，且与性别、体质指数水平及发病年龄相关。"	https://kns.cnki.net/kcms2/article/abstract?v=z-q19lQZUWGu7z2kcGgNMb5YwML1FeN5OTwurpEYwX80ybfcHRF6lVH24tS5B4FkIPBtXC6pVceckhV-z70w-OFA8mBmhw6iFOPo2zuyK-ZyadakYmXe7vjyNEkW-mnIw9HwOo11b4I=&uniplatform=NZKPT&language=CHS
10	舍曲林联合认知训练对儿童青少年抑郁患者的效果	陈亚琛;杨平乐;李志远	1. 安庆市第六人民医院七病区2. 安徽省儿童医院儿科	2023/10/25	国际精神病学杂志	医药卫生科技	儿科学;精神病学	期刊	0	35	儿童青少年; 抑郁症; 舍曲林; 认知训练干预	目的 探讨儿童青少年抑郁患者实施认知训练干预联合舍曲林治疗的临床效果。方法 于2020年10月～2022年10月采集病历资料入档，对象为医院收治的儿童青少年抑郁症患者共计120例，纳入对象基于“随机数字表法”分组，分为对照组（实行舍曲林治疗）与观察组（予以舍曲林配合认知训练干预），各组均60例；观察比较两组抑郁程度、神经内分泌指标、睡眠质量、认知功能。结果 治疗后，两组汉密尔顿抑郁量表（HAMD）评分均下降，且观察组较对照组更优（P<0.05）；治疗后，两组血清脑源性神经营养因子（BDNF）、5-羟色胺（5-HT）水平均有不同程度增加，且观察组增加更为明显（P<0.05）；治疗后，两组匹兹堡睡眠质量指数（PSQI）评分均降低，且观察组评分下降更为显著（P<0.05）；治疗后，两组蒙特利尔认知评估量表（MoCA）评分均明显提高，且观察组较对照组更高（P<0.05）。结论 儿童青少年抑郁症患者应用舍曲林治疗配合认知训练干预，可使患者抑郁程度及行为得到显著改善，提高认知功能，保障良好的睡眠状态，可推荐临床应用。	https://kns.cnki.net/kcms2/article/abstract?v=z-q19lQZUWHZdMURZm-DICT5r616rESagOT62a62Pa1fkYOemPZYoh6uCtFHQffxrfWkRQH9KvfSRmF8XbKOHzVWV52pioQDwvNqLMhwk4D-wfv7uzuhehcdgRnkoVQt3IwJRpUIvAQ=&uniplatform=NZKPT&language=CHS
11	喹硫平联合舍曲林治疗青少年非自杀性自伤共病焦虑抑郁的临床分析	魏敏	福建省福州神经精神病防治院	2023/10/25	中国医学创新	医药卫生科技	儿科学;精神病学	期刊	0	18	青少年非自杀性自伤; 焦虑情绪; 抑郁情绪; 喹硫平; 舍曲林; 生存质量	目的：分析青少年非自杀性自伤（NSSI）共病焦虑抑郁患者联合应用喹硫平与舍曲林治疗的效果。方法：选取福建省福州神经精神病防治院2020年10月―2022年6月收治的青少年NSSI共病焦虑抑郁患者84例，以随机数字表法将患者分成对照组和观察组，对照组（42例）采用舍曲林治疗，观察组（42例）联合应用喹硫平与舍曲林治疗，对比治疗前、治疗2、4、8周后17项汉密尔顿抑郁量表（HAMD-17）、汉密尔顿焦虑量表（HAMA）评分，比较治疗后不同时间患者NSSI行为发生情况、生存质量改善情况及治疗过程中的不良反应。结果：治疗前两组HAMA及HAMD-17评分差异均无统计学意义（P>0.05），治疗2、4、8周后观察组HAMA及HAMD-17评分均较对照组低；观察组NSSI行为发生率均显著低于对照组（P<0.05）。治疗前两组世界卫生组织生存质量测定量表简表（WHOQOL-BREF）中心理、生理、社会关系、环境领域评分差异均无统计学意义（P>0.05），治疗8周后观察组各维度评分较对照组均升高（P<0.05）。两组不良反应总发生率差异无统计学意义（P>0.05）。结论：青少年NSSI共病焦虑抑郁患者联合应用喹硫平与舍曲林治疗能够有效减轻其焦虑抑郁情绪，有效控制NSSI行为并改善患者生存质量，具有较高的用药安全性，联合用药效果显著优于单一用药。 	https://kns.cnki.net/kcms2/article/abstract?v=z-q19lQZUWHuL1WOebu9Du-Ex5GIr8oXs1VfRnSSQiq_RYI2OJ6KfLSnBmuwyvwuTADPL4zqhgTD5wE6KW5TPvEkkZzgbJdOQhyN0zGZl7xuDClrhFxCNeiZTAc-ubVpnG0qSsmJJyk=&uniplatform=NZKPT&language=CHS
12	听障儿童青少年焦虑或抑郁情绪心理干预效果的系统综述	张婧雅;邹敏;孙宏伟;孙昌隆;朱峻同	1. 潍坊医学院心理学院2. 中国ICF研究院	2023/10/23 17:28	中国康复理论与实践	医药卫生科技	儿科学;精神病学;眼科与耳鼻咽喉科	期刊	0	356	儿童; 青少年; 听力障碍; 焦虑; 抑郁; 干预; 系统综述	目的 系统综述心理干预对听障儿童青少年焦虑和抑郁情绪的效果。方法 采用主题词方法，在PubMed、Web of Science、Embase、中国知网和万方数据库检索听障儿童青少年焦虑、抑郁情绪问题心理干预的相关文献，时间为建库至2023年7月。筛选文献并提取作者、国家、研究对象、研究设计、干预方式、结局指标、测量工具。结果 最终纳入8篇文献，来自3个国家，包含8项随机对照试验，涉及404例被试，发表日期主要集中在2013年至2023年。心理干预方式包括家庭支持教育、情绪智力训练、认知行为疗法、自信团体训练和游戏治疗等。干预效果包括有效改善社交焦虑情绪，降低听障儿童青少年的焦虑和抑郁水平。结论 心理干预可以有效缓解听障儿童青少年的焦虑和抑郁情绪。	https://kns.cnki.net/kcms2/article/abstract?v=z-q19lQZUWFGw2tL0-9Ukpcq_i4d_VmKAp1TPKBUQmpPyuVZ9Y9mxGIj1-d6qIhzm5fNaG6k2e6Pd2WvLlpRBGv5BB7Khi-gwb55wxKfupkYRdcmhVWAx_CtRt9OhuELFWpNezxDqSgpa4EnmaNU2g==&uniplatform=NZKPT&language=CHS
13	单相抑郁与双相抑郁青少年住院患者的应对方式比较	彭莎栗;赵玉洁;郭斐斐;张燕;仲照希	新乡医学院第二附属医院/河南省精神卫生中心	2023/10/21	临床医学研究与实践	医药卫生科技	儿科学;精神病学	期刊	0	37	单相抑郁; 双相抑郁; 应对方式; 青少年	目的 探讨单相抑郁与双相抑郁青少年住院患者应对方式的差异，为临床青少年心境障碍住院患者提供个性化的健康指导。方法 选取2021年6月至12月河南省精神卫生中心儿童少年精神科的110例住院患者作为研究对象，其中单相抑郁60例，双相抑郁50例，采用简易应对方式问卷（SCSQ）进行评估。结果 根据年龄与性别对纳入患者进行分组，对比发现，女孩（占比80.91%）居多，其中初中（年龄12～15岁）组共64例（占比81.01%）。单相抑郁患者的消极应对评分高于双相抑郁患者，差异具有统计学意义（P<0.05）。在积极应对方式方面，单相抑郁患者在“改变原来的一些做法或自己的一些问题”的评分低于双相抑郁患者，差异具有统计学意义（P<0.05）；在消极应对方式方面，单相抑郁患者在“通过吸烟、喝酒、服药、吃东西来解除烦恼”“试图忘记整个事情”的评分均高于双相抑郁患者（P<0.05）。结论 儿童少年精神科患者的患病年龄以12～15岁为主，并且女孩的患病率更高。相较于双相抑郁患者，单相抑郁患者在遇到挫折与事件后更偏向于选择消极的应对方式，较常见的是采取吸烟、喝酒、服药、忘记事情等。	https://kns.cnki.net/kcms2/article/abstract?v=z-q19lQZUWFGw2tL0-9Ukpcq_i4d_VmKAp1TPKBUQmq2fAa77xGCgbEB2TaAa9A6J9HzDp5F845e7IUALPcmwXQ5s3B5Kp98HWjPKbaSZNBoLbuoM-z17XqJy0J7TE4z3kRGVUNSWAWpMBbm97x4kg==&uniplatform=NZKPT&language=CHS
14	高精度经颅直流电刺激治疗青少年心境障碍抑郁发作患者疗效相关的脑影像标记研究	张中国;段佳;位彦鸽;赵鹏飞;王宁	1. 南京医科大学附属脑科医院早期干预科2. 盐城市第四人民医院精神科3. 新乡医学院第二附属医院4. 新乡医学院	2023/10/20	临床精神医学杂志	医药卫生科技	儿科学;精神病学	期刊	0	53	高精度经颅直流电刺激; 青少年心境障碍; 功能磁共振; 疗效预测	"目的:研究高精度经颅直流电刺激(HD-tDCS)对青少年心境障碍抑郁发作患者的疗效及其对应的脑影像特征。方法:纳入青少年心境障碍目前为抑郁发作的患者28例，以左侧背外侧前额叶(DLPFC)为治疗靶点，给予20次HD-tDCS治疗，分别采集所有患者治疗前及治疗后17项汉密尔顿抑郁量表(HAMD-17)总分并完成静息态功能磁共振扫描，根据治疗前后HAMD-17减分率是否≥50%将患者分为有效组、无效组，分析组间治疗前低频振幅(ALFF)差异，以显著差异脑区的治疗前ALFF值为自变量，疗效为因变量，构建回归预测模型。结果:相对于治疗前，治疗后所有患者HAMD-17总分显著降低(t=-11.383,P<0.001),右侧中央前回、右侧回直肌ALFF显著降低(t峰点=-3.816,P<0.05;t峰点=-4.077,P<0.05);与无效组对比，有效组治疗前的右侧楔前叶ALFF显著升高(t峰点=3.816,P<0.05)、左侧距状裂周围皮层ALFF显著降低(t峰点=-4.127,P<0.05);回归分析显示：治疗前右侧楔前叶ALFF值越大，HD-tDCS治疗越有效。结论:HD-tDCS可以作为青少年心境障碍抑郁发作的辅助治疗策略；治疗前右侧楔前叶ALFF值可辅助临床早期预测HD-tDCS治疗的疗效。 "	https://kns.cnki.net/kcms2/article/abstract?v=z-q19lQZUWHXG21_aPROK-sPdlpIRF_M8L-86NMS_z2L0N3cG8x0VM3tdfyD8-wT_1ikSZslXNSZfCaZFycH3a_MYnQw9KWqS2DtpPyzz52q2tif7eZESgdTG7Xl2vG-lCsM5O6NAkJ2UNmCihG4dA==&uniplatform=NZKPT&language=CHS
15	儿童青少年抑郁障碍肥胖患病率及相关因素分析	武士喜;刘志伟;张静静;孙亮;杨荣春	阜阳市第三人民医院精神科	2023/10/20	临床精神医学杂志	医药卫生科技	儿科学;精神病学	期刊	0	108	儿童; 青少年; 抑郁障碍; 肥胖; 患病率	"目的:探讨儿童青少年抑郁障碍患者的肥胖率及相关影响因素。方法:选取抑郁障碍儿童青少年患者757例，收集一般人口学资料及临床数据；评估非自杀性自伤(NSSI)行为；测量体质量及生化指标。结果:儿童青少年抑郁障碍患者的肥胖率为10.4%。肥胖组与非肥胖组比较，发病年龄、首次住院年龄、总病程、住院次数及体质量指数(BMI)、空腹血糖、三酰甘油(TG)、总胆固醇(TC)、高密度脂蛋白(HDL-C)及低密度脂蛋白(LDL-C)、NSSI行为、使用抗抑郁药物种类差异存在统计学意义(P<0.05)。肥胖与总病程、住院次数、空腹血糖、TG、TC、LDL-C及NSSI呈正相关；与年龄、首次住院年龄、HDL-C、使用几种抗抑郁药物及抗抑郁药物剂量呈负相关(P<0.05)。回归分析显示空腹血糖(OR=2.114,P=0.007)、TG (OR=2.086,P=0.001)及NSSI行为(OR=2.103,P=0.010)是抑郁障碍患儿伴肥胖的危险因素，而较高剂量的抗抑郁药(OR=0.970,P=0.015)是肥胖发生的保护性因素。结论:儿童青少年抑郁障碍患者肥胖率较高，且与空腹血糖、TG、NSSI行为及抗抑郁药服用剂量密切相关。 "	https://kns.cnki.net/kcms2/article/abstract?v=z-q19lQZUWGDb19vk5vpP5_GhOuZm851bVOyX5jOy1_iiiw-YGgI3frFs-kAjs89zZw9b681X19J7B1iLNqL_NIwavUEsm0C11aoiHnuR5l_QP0mRfYSOpD5f7X5pJ-JSs-qDt6XxtADcosb9clwnQ==&uniplatform=NZKPT&language=CHS
16	青少年抑郁患者疏离感及影响因素研究	熊思怡;陈方煜;李秀	1. 皖南医学院人文与管理学院2. 芜湖市第四人民医院	2023/10/20	临床精神医学杂志	医药卫生科技	儿科学;精神病学	期刊	0	133	青少年疏离感; 系统家庭动力学; 自我效能感	"目的:探讨青少年抑郁障碍患者的疏离感及影响因素。方法:对142例青少年抑郁障碍患者进行问卷调查，包括一般资料表、青少年疏离感量表、系统家庭动力学量表、自我效能感量表。结果:青少年抑郁障碍患者的疏离感在既往自伤史、校园/网络霸凌史上的差异具有统计学意义(P<0.05)。系统家庭动力学总分、自我效能感与疏离感得分呈显著负相关(r=-0.455～-0.270,P<0.01)。多元线性回归显示，既往自伤史(B=-23.788,t=-2.942)、有无校园/网络霸凌史(B=-13.355,t=-2.509)、系统逻辑(B=-2.756,t=-2.846)、疾病观念(B=3.421,t=2.733)与自我效能感(B=-3.282,t=-6.400)均是青少年抑郁障碍患者疏离感的影响因素(P均<0.05).结论:青少年抑郁患者的疏离感比青少年群体更为明显，疏离感程度较高；系统家庭动力学、自我效能感与疏离感负相关；自我效能感和系统逻辑能负向预测疏离感水平，疾病观念能正向预测疏离感水平。"	https://kns.cnki.net/kcms2/article/abstract?v=z-q19lQZUWE4znxGT1yZPKrqbvzMEpiQR8o6x7_fIp8F5i2EjDU7ndN6Sn5Pp1D7BhYF5IYllxIcGYe0Siz6uWZuyZBllXX-qVTjSPBMjupT5qfQPTNloMR11ZCZ13XqPVaWng1NVyiLmpnGTSbRxw==&uniplatform=NZKPT&language=CHS
17	重复经颅磁刺激在青少年抑郁障碍中的应用进展	税颖;马昌明皓;刘文敬;程文红	上海交通大学医学院附属精神卫生中心	2023/10/20	临床精神医学杂志	医药卫生科技	儿科学;精神病学	期刊	0	128	经颅磁刺激; 抑郁; 青少年	"重复经颅磁刺激(repetitive transcranial magnetic stimulation, rTMS)是一项非侵入性皮质刺激技术。该文总结了rTMS应用于青少年抑郁障碍的研究进展，介绍了rTMS的应用现状、参数设置、疗效、机制和安全性，为青少年抑郁障碍的临床应用提供参考。"	https://kns.cnki.net/kcms2/article/abstract?v=z-q19lQZUWFxbQgrcnESBxltccEifpxeNzHptZrsOXyAMY5511ue2mzjKwm0TVbu7BgqtSRRspUBLaMiEVox9ycOLDQFZhrm3VPmgwsfswAsmgXdD5nYHZ7VRPsVgl2TA8LyDhqIpvYXofhPknSpyg==&uniplatform=NZKPT&language=CHS
18	父母婚姻适应与青少年抑郁症状的关系:母亲抑郁症状的中介作用	李跃;钟莹彦;从恩朝;吴彦	1. 黄山市第二人民医院精神科2. 上海交通大学医学院附属精神卫生中心3. 同济大学附属第十人民医院精神心理科	2023/10/20	神经疾病与精神卫生	医药卫生科技	儿科学;精神病学	期刊	0	15	青少年; 抑郁症状; 婚姻适应; 母亲抑郁; 家庭环境; 中介效应	"目的 分析父母婚姻适应与青少年抑郁症状的关系，以及母亲抑郁症状在其中的中介作用。方法 于2021年11―12月选取河南省某高中的学生及其母亲为研究对象。采用洛克-华莱士婚姻适应量表（LW）、儿童抑郁量表（CDI）调查青少年的父母婚姻适应水平、抑郁症状，采用流调中心抑郁量表（CES-D）调查青少年母亲的抑郁症状。采用Spearman相关分析青少年抑郁症状、父母婚姻适应与母亲抑郁症状之间的相关性。采用SPSS中Process 3.3插件进行中介效应检验。结果 本研究获得1 039份有效的匹配问卷。1 039名青少年父母的LW得分为[84(71,95)]分，CDI得分为[13(8,18)]分，1 039名青少年母亲的CES-D得分为[3(0,12)]分。21.56%(224/1 039)的青少年CDI得分≥19分，20.31%(211/1 039)的母亲CES-D得分≥16分。相关分析结果显示，青少年父母婚姻适应与青少年抑郁症状、母亲抑郁症状呈负相关（r=-0.10、-0.48;P<0.01），母亲抑郁症状与青少年抑郁症状呈正相关（r=0.12,P<0.01）。母亲抑郁症状在青少年父母婚姻适应与青少年抑郁症状之间的中介效应显著（95%CI=-0.031～-0.004），效应量为-0.017，占总效应的51.43%。结论 父母婚姻失调可通过增加母亲抑郁症状来增加青少年抑郁的风险，需关注婚姻关系及家庭环境对青少年情绪的影响。 "	https://kns.cnki.net/kcms2/article/abstract?v=z-q19lQZUWGCeCX0zlgMNUlUK-7V1xn15eojvQ55chJLxukDvpvM_A8RDf_cfZ8ANXfkTngu3PoJ1sQf93mehkaI08-CGJRYFGkX_UGjuaNe9xtwlV4IpHtbYbwrsNDChhXIPjxft4I=&uniplatform=NZKPT&language=CHS
19	抑郁症青少年抑郁症状与失眠的关系：反刍思维的中介效应	夏雅康;邱模宇;钟艳;刘典英	"1. 赣州市精神心理健康重点实验室,赣州市第三人民医院2. 赣南医学院人文社会科学学院"	2023/10/20	中国睡眠研究会第十五届全国学术年会汇编	医药卫生科技	临床医学;儿科学;精神病学	中国会议	0	0	无	"目的:探讨抑郁症青少年反刍思维与抑郁症状和失眠的关系,以及反刍思维在抑郁症状和失眠间的中介作用。方法:对107名11-18岁抑郁障碍青少年开展问卷调查,采用PHQ-9、RRS-10、ISI评估其抑郁症状、反刍思维、失眠严重程度,以ISI≥8为是否失眠划界分。应用SPSS23.0对数据进行统计分析,同时PROCESS V3.4插件进行Bootstrop中介效应检验。结果:抑郁症青少年失眠发生率为63.55%,且女生显著高于男生,差异有统计学意义(X2=4.301,p=0.038)。与无失眠组相比,失眠组在PHQ-9、强迫思考、反省深思、反刍思维总量表进行差异分析,有统计学意义(p≤0.01)。双变量回归分析控制性别(混杂因素)后,显示抑郁症状(β=0.089,OR=1.093,p=0.032)、反刍思维(β=0.072,OR=1.074,p=0.004)是失眠的风险因素。反刍思维在抑郁症状与失眠之间起着中介效应(Direct effect=0.089,95%CI 0.009-0.169,Indirect effect=0.090,95%CI 0.033-0.193)。结论:抑郁症青少年失眠发生率高,抑郁症状主要通过反刍思维加重失眠。在临床中应对反刍思维进行有效评估与心理治疗等干预,调整患者的认知反应模式,减轻反刍思维,改善睡眠情况,提升整体心理健康水平。 "	https://kns.cnki.net/kcms2/article/abstract?v=z-q19lQZUWGCeCX0zlgMNUlUK-7V1xn1Ms3mY4u4wDFx2kn3kY9L0mP27i71C0XJl5DcKGBWVDr32t7OmodE2G-MZGj-FCE_GHEA9vXWYJ1nw9u0_-_GGsykFbnmc6xfQQE_sfW8L5cyP2Lx_SF-Ig==&uniplatform=NZKPT&language=CHS
20	中国儿童青少年抑郁症疾病负担变化趋势分析 网络首发	江笑寒;曾智	南京中医药大学卫生经济管理学院	2023/10/19 13:27	中国预防医学杂志	医药卫生科技	儿科学;精神病学	期刊	0	621	抑郁; 儿童青少年; 疾病负担; Joinpoint回归	目的描述和分析中国0～19岁儿童青少年抑郁现状及其疾病负担的长期变化趋势。方法数据来源于2019年全球疾病负担研究，利用Joinpoint回归模型分析抑郁发病率及DALYs长期变化趋势，使用线性模型计算平均年度变化百分比（average annual percentage change，AAPC）。结果 2019年中国儿童青少年抑郁发病率和伤残调整生命年（disability adjusted of life years，DALYs）明显低于全球平均水平。1990―2019年我国儿童青少年总体抑郁发病率和DALYs下降，其中＜9岁儿童发病率和DALYs呈上升态势（P<0.05）。1990―2019年中国儿童青少年抑郁发病率和DALYs的AAPC分别为-1.33%[95%置信区间（confidence interval， CI）：-1.53%～-1.13%，P<0.01]和-1.10%（95%CI：-1.29%～-0.91%，P<0.01）。结论 1990―2019年中国儿童青少年抑郁发病率和DALYs整体呈下降趋势，女性抑郁发病率远高于男性，15～19岁发病率高于其他年龄段，应加强关注儿童青少年抑郁问题。 	https://kns.cnki.net/kcms2/article/abstract?v=z-q19lQZUWHI5OJn1TLF7RytDydq24huFxx-WsaDvahHYaTvBOt4Zc22lA6P4Bl3Q_gvowugdzc1T63GRZ3nTPeT8Ax6G5xQ7VUdQqgGuUzkaXIfY046C2mA22Xk7myo1AFMCephzyo=&uniplatform=NZKPT&language=CHS
21	如何区分是青春期叛逆还是心理出了问题	中青报・中青网记者 刘昶荣	无	2023/10/17	中国青年报	哲学与人文科学;社会科学Ⅱ辑	心理学;教育理论与教育管理	报纸	0	122	青春期叛逆; 青少年抑郁; 早期表现; 情绪问题; 心理健康问题; 心理疾病; 认知程度	又一场悲剧发生了。据成都高新区联合调查工作组通报，10月10日下午，当地一所中学的学生向某某在校内自缢，抢救无效，不幸离世。经调查，向某某有自伤的言行和疤痕，未发现针对这名学生的校园霸凌行为。通报中写道：“我们深刻反思对学生身心健康关心关爱不细致、对家属沟通......	https://kns.cnki.net/kcms2/article/abstract?v=z-q19lQZUWETyCdsod6q3YKL8FuyHuWNeoENGA26So9eHlpVqU_B-tgGzAluKPsnxu6gRgF4BCV2MFfWSNhVu33tKERwFD0tb8YRQX5Oi0YpT_Y1suMHawSHGv3RZyZOBsx5VzWOUlIxmtPtt10D-A==&uniplatform=NZKPT&language=CHS
22	萨提亚模式干预对抑郁伴自杀意念或自杀行为青少年的短程康复作用 网络首发	王强;胡春红;王璐瑶;夏晓琴;王柏根	1. 杭州萨提亚心理咨询服务中心  2. 吉林建筑大学3. 绍兴市第一中学	2023/10/11 12:01	中国健康心理学杂志	医药卫生科技;哲学与人文科学	基础医学;心理学	期刊	0	440	萨提亚模式; 抑郁; 自杀; 青少年; 心理咨询	目的：研究萨提亚模式心理咨询对抑郁伴自杀意念或自杀行为青少年的干预效果。方法：采用方便取样的方法，对咨询的抑郁伴自杀意念或自杀行为且SCL-90总分大于206分的青少年案例纳入研究对象，其中应用萨提亚模式连续系统咨询者为研究组35例，未进行萨提亚模式咨询者为对照组16例。研究组以抑郁症状减轻或消失、自杀意念和行为消失、SCL-90总分低于160分，或者来访者自身原因终止咨询为观察终点。对照组没有给予萨提亚模式心理咨询的抑郁伴自杀意念或自杀行为的青少年，以两次SCL-90量表评估(间隔至少2周以上)为观察的起点和终点。比较两组案例抑郁症状和自杀意念或自杀行为的减轻或消失情况，并统计SCL-90总分低于206分为咨询有效改善的案例数及百分率，比较两组SCL-90总分在160分～206分之间和低于160分的案例数及百分率，比较两组自杀意念和自杀行为消失的人数，比较两组SCL-90量表的总分和各因子分，统计研究组SCL-90总分降低到160以下案例的平均咨询次数和自杀意念和自杀行为消失案例的平均咨询次数。结果：研究组有31例抑郁症状消失或改善，自杀意念和自杀行为消失，SCL-90总分低于206分，有效率为88.57%；其中25例(71.43%)SCL-90总分低于160分，达到健康水平；其余4例症状有改善，SCL-90总分大于206分，没有达到有效改善的标准；对照组有2例(12.50%)抑郁症状改善，SCL-90总分在160～206分之间，作为有效改善统计，其余14例(87.50%)青少年抑郁自杀症状没有明显改善，两组青少年抑郁自杀状况的统计结果提示差异有统计学意义(χ2=29.583，P<0.001)。研究组自杀意念消失27例(77.14%)，对照组自杀意念消失2例(12.50%)，两组比较差异有统计学意义(χ2=18.706，P<0.001)。两组干预后SCL-90量表总分和各因子分差异均有统计学意义(t=-9.491～-3.242，P<0.001～0.01)。干预前后研究组SCL-90量表总分和各因子分差异均有统计学意义(t=4.399～11.011，P<0.001)。研究组干预后抑郁伴自杀意念和自杀行为消失，SCL-90总分降低到160分以下共计25人(71.43%)，平均咨询次数4.24±2.80次。研究组咨询后，自杀意念和自杀行为消失，没有“想结束自己生命的想法”的人数共计27人(77.14%)，平均咨询次数3.52±1.89次。结论：1.萨提亚模式心理咨询对抑郁伴自杀意念或自杀行为青少年有很好的干预效果。2.萨提亚模式咨询能短程快速消除抑郁青少年的自杀意念和自杀行为，提升其心理健康状况。 	https://kns.cnki.net/kcms2/article/abstract?v=z-q19lQZUWETyCdsod6q3YKL8FuyHuWNNK614bLKUBzhk1FAh9EN9XWkrAR6L8BHGNhIYB1A-KzDOTB_vs6ZQggDMN5K2phlyTIuZcO--n2FFo1z6FRTE-BuEKOKfLCnBqO-ICTwhlE=&uniplatform=NZKPT&language=CHS
23	青少年抑郁障碍患者非自杀性自伤行为的影响因素分析	葛怡然;杨佳佳;王舒仪;王星光;张斯华	1. 河北医科大学第一医院临床心理科2. 河北省石家庄市急救中心急救医学部	2023/10/5	中国医药导报	医药卫生科技	儿科学;精神病学	期刊	0	55	抑郁障碍; 青少年; 非自杀性自伤行为; 家庭功能	"目的 探讨青少年抑郁障碍患者非自杀性自伤（NSSI）行为的影响因素。方法 回顾性选取2022年1月至10月在河北医科大学第一医院就诊的314例青少年抑郁障碍患者。青少年父亲126名，青少年母亲188名。评估后将其分为自伤组和对照组。使用青少年自我伤害问卷、焦虑自评量表、抑郁自评量表、家庭功能评定量表进行调查，进行组间差异比较，应用logistic回归，对抑郁青少年NSSI行为的影响因素进行分析。结果 314例青少年抑郁障碍患者中，有NSSI行为者150例，发生率为47.78%。自伤组父母焦虑自评量表、抑郁自评量表评分高于对照组，差异有统计学意义（P<0.05）。自伤组情感交流、积极沟通、自我主义和家庭规则评分及总分低于对照组，差异有统计学意义（P<0.05）。NSSI行为青少年父母的焦虑情绪、抑郁情绪是其出现NSSI行为的危险因素（OR>1,P<0.05），家庭功能是保护因素（OR<1,P<0.05）。结论 青少年抑郁障碍患者NSSI发生率较高，其NSSI行为受父母抑郁情绪、父母焦虑情绪及家庭功能的影响。"	https://kns.cnki.net/kcms2/article/abstract?v=z-q19lQZUWF_oFEQI9AsAv0ssvZal4OhnNywtkyjzagyIF13djOqhlu_z4qf0CvU7Cp2AWR04wWYUIOHoNQHS_iVkAkl37SftCvUZ7f2ElUOTjfrFLPQT25ka8ghkt5jB-9TZShaEnQ=&uniplatform=NZKPT&language=CHS
24	青少年单、双相抑郁障碍患者认知功能与免疫生物标志物和炎症综合评分的相关性	盛东方;杨帆;钟菁;余金鸣;陈贻华	1. 南方医科大学第二临床医学院2. 南方医科大学附属广东省人民医院广东省医学科学院广东省精神卫生中心3. 南方医科大学公共卫生学院4. 广东省中山市第三人民医院情感障碍科	2023/10/5	中国医药导报	医药卫生科技	儿科学;精神病学	期刊	0	16	单相抑郁; 双相抑郁; 认知功能; 免疫生物标志物和炎症综合评分	"目的 探讨青少年单、双相抑郁障碍患者认知功能与免疫生物标志物和炎症综合评分的相关性。方法 纳入2020年12月至2021年12月广东省人民医院和广东省中山市第三人民医院收治的青少年单相抑郁障碍患者58例（单相组）和双相抑郁障碍患者41例（双相组）。收集两组临床资料，采用斯特鲁普色词测验、威斯康星卡片分类测验（WCST）、数字广度测验（DST）对其进行认知功能评估。采集两组空腹静脉血，检测C反应蛋白水平，血小板、白细胞、粒细胞、淋巴细胞计数，计算免疫生物标志物和炎症综合评分。比较两组临床资料、认知功能和免疫生物标志物及炎症综合评分，分析青少年单、双相抑郁障碍患者认知功能与免疫生物标志物及炎症综合评分的关系。结果 双相组发病年龄、发作次数、家族史阳性占比高于单相组，病程长于单相组，差异有统计学意义（P<0.05）。双相组斯特鲁普色词测验正确数、WCST正确应答百分比、DST评分低于单相组，斯特鲁普色词测验错误数、WCST完成第一个分类所需应答数、免疫生物标志物及炎症综合评分高于单相组，差异有统计学意义（P<0.05）。相关性分析结果显示，双相组斯特鲁普色词测验错误数与免疫生物标志物及炎症综合评分呈正相关（rs>0, P<0.05）,WSCT正确应答百分比与免疫生物标志物及炎症综合评分呈负相关（r<0,P<0.05）。结论 青少年双相抑郁障碍患者的认知功能损害和炎症改变较单相抑郁障碍患者更严重，且其认知功能与免疫生物标志物及炎症综合评分具有相关性。 "	https://kns.cnki.net/kcms2/article/abstract?v=z-q19lQZUWEEblml_uILgiAvDOw6y4msNiJy4PdcTMFOAoCM4wAwMJZYZeGUdjtLL7HQN13SzTpPKx8mlqcVUHLcq62RtdoSPe7bXwEpFY9WZjGwpstqUij6h8oZNt2dzU1g3twLazg=&uniplatform=NZKPT&language=CHS
25	青少年抑郁障碍患者疾病感受与情感体验的调查探析	贾萍	陕西青年职业学院	2023/9/30	陕西青年职业学院学报	医药卫生科技;社会科学Ⅰ辑	儿科学;精神病学	期刊	0	57	青少年抑郁障碍; 抑郁情感体验; 心理疾病	近年来，青少年群体患有抑郁障碍的风险呈上升趋势。为了解青少年抑郁障碍患者的疾病感受与情感体验，本文以50名青少年抑郁障碍患者进行半结构化访谈为依据，深入研究分析这一群体的抑郁情感体验。结果发现，饱受抑郁困扰的青少年躯体症状表现多样且感知强烈，在寻求治疗的过程中会因“抑郁障碍”标签产生消极刻板印象和负性情绪体验。作为高校应重视对抑郁障碍知识的科普和宣传，加强家校合作，提高学生和家长对抑郁障碍的认知水平，为青少年抑郁障碍患者营造一个平等、和谐、理解、包容的疗愈氛围。	https://kns.cnki.net/kcms2/article/abstract?v=z-q19lQZUWFg2lmBS3cWF40XkQqVoMjrqJIX1r0pkCo3STuNgwhzWAKoUh5Y2nVehedIxOUy5chHHGD1wka1_mUhQwywtHPBCN54aJFNkBl_8pDP1KfVXbnj9wqJ8FLmyKPyi4fYAPTK5O201vsZmQ==&uniplatform=NZKPT&language=CHS
26	运动锻炼对青少年抑郁及健康体适能的影响	曾澡;陈祥和;赵芸	扬州大学体育学院	2023/9/28	体育世界	社会科学Ⅱ辑	体育	期刊	0	294	运动; 抑郁; 青少年; 健康体适能; 身心健康	青少年身心健康问题受到全球各国的普遍关注，健康体适能作为一个客观的评价标准，与身心健康问题有很大的关系。运动是防治疾病的有效措施，可改善青少年体适能健康水平，缓解不良情绪（抑郁、焦虑、恐惧等）。本文旨在从体适能概念角度理解，从青少年身心发展的角度出发，分析抑郁与健康体适能的相关性，探讨运动干预对青少年抑郁和健康体适能的影响，从而为进一步提高其身心健康水平提供依据。	https://kns.cnki.net/kcms2/article/abstract?v=z-q19lQZUWFg2lmBS3cWF40XkQqVoMjrqJIX1r0pkCqHb6HfSGPgPAL0ogtAm5Kaewz-5thxw0Qe-dWm92fsYtMVNBiSIWi4X7qdFyecom707wUMcclqssqr6uEz_oLdM-a7sBZ_a9OqpVpfai-hDA==&uniplatform=NZKPT&language=CHS
27	首诊青少年抑郁症状与父母养育方式的相关因素研究	陈子霞;胡巧;冯自攀;李树龙;冉昌华	东莞康华医院	2023/9/22	黑龙江医学	医药卫生科技	儿科学;精神病学	期刊	0	212	青少年; 抑郁; 父母养育方式; 发生率	"目的：分析精神科首诊青少年患者抑郁症状与父母养育方式的相关因素，为临床诊疗提供依据。方法：收集300例精神科首诊青少年临床资料及宗氏抑郁自评量表、父母养育方式问卷评分，分为非抑郁组(n=44)和抑郁组(n=256)，分析其临床资料及评分，通过二元logistic回归探究青少年抑郁症状的相关因素。结果：精神科首诊青少年抑郁症状发生率为85.3%，女性抑郁所占比例高，差异有统计学意义(χ2=6.88,P<0.05)；除父母亲偏爱被试方面的其余项组间差异均有统计学意义(χ2=42.20、13.52、11.73、10.80、13.97、22.08、22.87、11.47、5.27,P<0.05)。logistic回归分析结果显示，父亲过度保护、母亲过干涉过保护和父亲情感温暖理解与青少年抑郁症状相关，差异有统计学意义(OR=0.92、1.24、1.10,P<0.05)。结论：首诊青少年抑郁症状发生率高，女性较男性严重，父亲过度保护、母亲过干涉过保护可能是青少年抑郁症状的独立危险因素，父亲情感温暖理解可能是保护因素。"	https://kns.cnki.net/kcms2/article/abstract?v=z-q19lQZUWGaeEKydQ0DWMzBINZ2xDRfGeK5fLWZ1WU0eBwIhqD-FjWAPPDhGpV5vjJO8kWmzW7G33WrJfnquWeRZckZFafilKo4lJ4hYGmHdp2OVH3YPyITHdGlrdmTwOpeMoJapFsfRUtEoXqpKg==&uniplatform=NZKPT&language=CHS
28	抑郁障碍青少年非自杀性自伤行为与情绪、负性生活事件的关系	葛怡然;杨探宇;王舒仪;白镯兰;李梦颜	1. 河北医科大学第一医院临床心理科2. 陕西师范大学心理学院	2023/9/20	河北医药	医药卫生科技	儿科学;精神病学	期刊	0	257	抑郁障碍; 青少年; 非自杀性自伤行为; 生活事件	"目的 探讨抑郁障碍青少年非自杀性自伤行为与情绪、负性生活事件的关系。方法 选取2022年1～10月在河北医科大学第一医院就诊的112例存在非自杀性自伤行为的青少年抑郁障碍患者，使用自制的一般情况调查表、青少年自我伤害问卷、焦虑自评量表(SAS)、抑郁自评量表(SDS)、青少年生活事件量表(ASLEC)进行调查，采用Pearson单因素分析非自杀性自伤行为与情绪、负性生活事件的关系，采用多元回归分析影响抑郁障碍青少年非自杀性自伤行为的相关因素。结果 抑郁障碍青少年的非自杀性自伤行为在性别上差异无统计学意义(P>0.05),在文化程度上差异有统计学意义(P<0.05)抑郁患者中初中生NSSI行为、焦虑、抑郁得分及负性生活事件总分均高于高中生(P<0.05)。抑郁障碍青少年非自杀性自伤行为与情绪、人际关系、受惩罚、健康适应、负性生活事件总分呈正相关(P<0.01);以抑郁障碍青少年非自杀性自伤行为为因变量，以焦虑情绪、抑郁情绪、生活事件为自变量进行多元回归分析，回归模型差异有统计学意义(F=60.545,P<0.01)。结论 抑郁障碍青少年的焦虑情绪、抑郁情绪和负性生活事件是其非自杀性自伤行为的危险因素。 "	https://kns.cnki.net/kcms2/article/abstract?v=z-q19lQZUWFP_zbft4GI-6VfYfGw6h8C9sZ6HaHE6AWyG3tmS1T8ZF0cQ7RNTlgYXHqtowUVPDBavSUr0NyKqPM6PgZVXMCmQUGNAdr0lulrMN4eE1JjsgG-xK_lMHrRuveLXphhlFv6o9UWIDPtCA==&uniplatform=NZKPT&language=CHS
29	青少年体育锻炼对新冠肺炎疫情风险感知的影响――健康信念和焦虑抑郁的链式中介效应	秦国阳	山东师范大学体育学院	2023/9/15	湖北体育科技	社会科学Ⅱ辑	体育	期刊	0	145	青少年体育锻炼; 健康信念; 焦虑抑郁; 新冠肺炎疫情风险感知	"目的 基于风险感知理论，研究青少年体育锻炼对新冠肺炎疫情风险感知的作用机制，并探究健康信念和焦虑抑郁的链式中介作用。方法 采用体育活动等级量表、体质健康信念量表、抑郁―焦虑―压力量表以及新冠肺炎疫情风险感知量表，对济南市3所中小学7至15岁年龄段青少年进行调查。结果 1）青少年体育锻炼与健康信念（r=0.511,p<0.01）显著正相关，与焦虑抑郁（r=-0.562,p<0.01）、新冠肺炎疫情风险感知（r=-0.549,p<0.01）显著负相关；青少年新冠肺炎疫情风险感知与焦虑抑郁（r=0.576,p<0.01）显著正相关，与健康信念（r=-0.544,p<0.01）显著负相关；健康信念与焦虑抑郁（r=-0.512,p<0.01）显著负相关；2）青少年体育锻炼对新冠肺炎疫情风险感知具有负向预测作用，其直接效应为-0.232;3）在青少年体育锻炼对新冠肺炎疫情风险感知的影响中，健康信念和焦虑抑郁能够发挥单独中介及链式中介作用，效应值分别占总效应的25.7%、22.4%和8.6%。结论 青少年体育锻炼可以直接影响新冠肺炎疫情风险感知能力，并且，既可以通过健康信念和焦虑抑郁的中介作用，还可以通过二者的链式中介作用间接预测青少年的新冠肺炎疫情风险感知能力。 "	https://kns.cnki.net/kcms2/article/abstract?v=z-q19lQZUWHw2CaJsj8J2dxPZr57DKV9zC-gSsn4fBf_VQAm_GFTGxX2IV9ts0Z5ESZ48lVEgRbgIKJaK9lEbYyccLL8UIuNhOpeRKTi2uhZP1i5URcXlp6AcNZqZy7lmTRRbS_RakFbsz77eSHC8w==&uniplatform=NZKPT&language=CHS
30	儿童也会抑郁?出现这些行为要警惕!			2023/9/15	儿童与健康	无	无	特色期刊	0	12	无	<正>哪些儿童易患抑郁症？儿童抑郁症的病因不明，一般认为是遗传因素和环境因素相互作用和共同作用的结果。很多研究表明，儿童青少年抑郁的产生与家庭不良生活事件有关，如：亲子分离或早期母婴关系丧失；被父母虐待或忽视、亲子关系恶劣、长期家庭缺乏温暖等。性格方面，自我评价低、性格偏内向，较孤僻、适应能力差、对挫折耐受性差、情绪不稳定的儿童，容易产生抑郁。	https://kns.cnki.net/kcms2/article/abstract?v=z-q19lQZUWHw2CaJsj8J2dxPZr57DKV9z_N0si4C4p2U6UDX8eYgcB4xbY7CV5su-rGAzPqGJOs-sMQKAdZdz0fhYB0caVugpGwzl4yS3Fv5am6RIpML1D3Uxey7W4fo2_4ux52bDcoPg0PXq0_oyg==&uniplatform=NZKPT&language=CHS
31	积极发展资源在减少青少年抑郁水平中的累积效应、关系模式及特定资源的作用 网络首发	肖嘉林;梁凯欣;黄柳h;王恩娜;黄巧敏	1. 深圳大学人文学院2. 深圳市人文社科研究重点基地深圳大学心理健康研究中心3. 深圳大学心理学院4. 澳门大学社会科学院心理系5. 天津大学教育学院6. 广东职业技术学院7. 钦州市第二中学	2023/9/12 10:29	心理发展与教育	哲学与人文科学;社会科学Ⅱ辑	心理学;教育理论与教育管理	期刊	0	513	积极发展资源; 抑郁; 累积效应; 关系模式; 青少年	以1301名七年级学生为被试进行间隔两年的追踪研究，考察积极发展资源对青少年当前和两年后抑郁水平的累积效应、关系模式及特定资源的作用。结果发现:(1)积极发展资源对青少年当前和两年后抑郁水平的降低分别具有即时和延时的累积效应，其中积极发展资源对青少年当前抑郁水平的即时累积效应呈二次函数非线性正加速模式，而对青少年两年后抑郁水平的延时累积效应呈线性匀速模式。对于青少年当前的抑郁水平来说，在积极发展资源累积至四类前，青少年当前的抑郁在高水平上升;积极发展资源累积至四类后，青少年抑郁水平呈显著下降趋势;(2)与抑郁水平高度相关且位于前四位的积极发展资源为:建立目标和决策能力、清晰积极的身份认同、抗逆能力和与他人的联结。该四类高相关的积极发展资源对青少年当前和两年后抑郁水平的降低分别具有即时和延时的累积效应，且四类高相关的积极发展资源对青少年当前和两年后抑郁的累积效应均呈二次函数的非线性模式。	https://kns.cnki.net/kcms2/article/abstract?v=z-q19lQZUWHz6y94F9thJCmijQiF5ppr0dwRRSzn5DG-o6DacAjENPglV34rIs-UQyp85Z78w5r3YDNvLX0pIJbuKIMlITuoLZzWwVwFD58V5oj4Y8S14b6eAiwwn0E6kN-oecBU3gg=&uniplatform=NZKPT&language=CHS
32	音乐疗法对青少年抑郁障碍患者非自杀性自伤行为及焦虑、抑郁情绪的影响	何清清;胡新伟;胡静;何淑玲;龙洁	中山市第三人民医院	2023/9/10	中国初级卫生保健	医药卫生科技	临床医学	期刊	0	143	音乐疗法; 非自杀性自伤; 青少年; 焦虑; 抑郁	目的：了解青少年抑郁障碍患者伴有非自杀性自伤（NSSI）的行为情况，并探讨音乐疗法对其NSSI行为及焦虑、抑郁情绪的影响。方法：将2022年3月―2023年3月在中山市第三人民医院住院治疗的63例伴有NSSI行为的青少年抑郁障碍患者随机分为对照组（n=32）和研究组（n=31）。对照组采用单纯的药物治疗和常规护理，研究组在此基础上增加4周的音乐疗法。入组前采用渥太华自伤量表（OSI）评估两组患者的NSSI行为情况；比较两组患者治疗前及治疗1、2、4周时汉密尔顿焦虑量表（HAMA）、汉密尔顿抑郁量表（HAMD-17）的评分；比较两组患者治疗1、2、4周时NSSI行为发生率。结果：两组患者中最常见的自伤方式是刀割（72.1%），伤害部位最多的是手（47.6%）。采取一种自伤方式的患者最多（52.5%），过去1个月至少有1次自伤行为的占52.4%。治疗1、2、4周时，两组患者HAMA、HAMD-17评分较治疗前均降低，差异有统计学意义（P<0.05），研究组明显低于对照组。治疗后两组患者NSSI行为发生频次均明显降低，特别是在治疗2、4周时，研究组患者NSSI行为发生频次明显低于对照组。结论：音乐疗法能够有效缓解青少年抑郁障碍患者的焦虑、抑郁情绪，并降低NSSI行为的发生率，提高临床疗效。 	https://kns.cnki.net/kcms2/article/abstract?v=z-q19lQZUWFaCXFnBfoq4V13q3JQloWBAFvBWlgEhI8gr1-9YhgMN-qNRCC05--yAOi_BXZseqsQT3ismZ6f-Pc0qwkI4Rvjq7h5HtnqMeaWm2K-qtF1qPHtrcMfC_yVgks4xNXFGW5u8ZQYCCt0nQ==&uniplatform=NZKPT&language=CHS
33	年少已知愁滋味――预防青少年抑郁自杀已刻不容缓	唐婷婷	上海交通大学医学院附属精神卫生中心	2023/9/10	大众心理学	无	无	特色期刊	0	53	无	<正>《2022国民抑郁症蓝皮书》中报告的数据显示，我国18岁以下抑郁症患者占总人数的30.28%。杭州第七人民医院（浙江大学医学院附属精神卫生中心）的数据显示，在抑郁科就诊的患者中，小于15岁的就诊人数从2018年3148人次增长到2021年的10613人次，三年增长了三倍多。同时，在抑郁症患者群体中，50%的抑郁症患者为在校学生，41%曾因抑郁休学。如何帮助青少年走出抑郁困境已是刻不容缓的问题。我们应在孩子、家庭、学校、社会之间构建成良好的动态系统，努力改善这种状况。	https://kns.cnki.net/kcms2/article/abstract?v=z-q19lQZUWFaCXFnBfoq4V13q3JQloWBlD-IsaM-fcRhZAJUGp_BWsAVzwSU6w-uEsr9y4Flm_HBI8MnFPwA2jH_DEKtokZFkiQJWLaZAGsVDWQ1BXf3kJQ_51CsPqR4wrWys5g2rg3cGfuLc1Hmqw==&uniplatform=NZKPT&language=CHS
34	青少年混合性焦虑和抑郁障碍早期应激因素与中医证候分布的初步分析	松泉午;周鑫;杨玲玲;郑莉明;周流畅	1. 广州中医药大学基础医学院2. 广州中医药大学第二临床医学院3. 广东省中医院4. 广州中医药大学中药学院	2023/9/1	中华中医药杂志	医药卫生科技	中医学	期刊	0	78	混合性焦虑和抑郁障碍; 中医证候; 早期应激; 青少年; 相关性	"目的：探讨青少年混合性焦虑和抑郁障碍（MADD）的中医证候分布规律以及抑郁、焦虑情绪与早期应激因素之间的关系。方法：纳入2021年10月至2022年1月就诊于广东省中医院心理睡眠科并确诊MADD的青少年患者155例，对患者的四诊信息进行描述性统计和聚类分析，总结其中医证候分布规律。采用多元回归分析探究影响青少年焦虑、抑郁情绪的早期应激因素。结果：MADD青少年患者舌象最常见舌质红、苔腻、舌胖大、舌边缘齿痕，脉象最常见细脉、弦脉、滑脉，常见辨证分型为肝郁脾虚证、脾胃伏热证、脾虚湿盛证、肾阳亏虚证及阴虚火旺证。部分生活事件及睡眠维度与焦虑抑郁情绪具有显著相关性（P<0.01,P<0.05），回归分析发现，白天功能紊乱、睡眠紊乱等睡眠维度分别对焦虑、抑郁情绪有一定的预测作用（P<0.01），生活习惯变化、不喜欢上学等生活事件分别对焦虑、抑郁情绪有一定预测作用（P<0.01）。结论：青少年MADD的中医证候以肝郁脾虚最常见，核心病机以肝失疏泄为主，常波及脾、胃。睡眠问题、生活事件中部分因素会导致青少年焦虑、抑郁情绪。"	https://kns.cnki.net/kcms2/article/abstract?v=z-q19lQZUWFt3mgLF6bSmGcRWUiCsBB5Pj_xGetVL-5D8s4NwbSb5uNDLax47tzoRGA35mvhZjAqfyaaqVYz0Hz11lllkN7yJiXZeoz5wLmSGsltVIRFdZfaX2ipVTdp4yKlsMWLBmlfKzy13SRqrw==&uniplatform=NZKPT&language=CHS
35	亲子关系对青少年抑郁的影响：感恩和自我关怀的中介作用	粟思畅;魏铭辰	1. 中南民族大学教育学院2. 西南大学心理学部心理健康教育研究中心	2023/8/31	中小学心理健康教育	无	无	特色期刊	0	278	青少年; 亲子关系; 抑郁; 感恩; 自我关怀	为了探讨亲子关系对青少年抑郁的影响，构建了一个并行中介模型来探讨感恩和自我关怀在亲子关系对青少年抑郁影响中的中介作用。采用亲子亲合评价量表、简易抑郁自评量表（PHQ-9）、青少年感恩量表以及自我关怀量表，并采用整群抽样的方法对重庆某中学学生进行问卷调查，共收得有效数据735份。使用相关性分析、差异检验、中介效应分析等统计学方法进行分析。结果发现：（1）亲子关系对青少年抑郁有显著的负向预测作用；（2）亲子关系通过感恩的部分中介作用影响青少年抑郁水平；（3）亲子关系对青少年自我关怀有显著的正向预测作用；（4）亲子关系通过自我关怀的部分中介作用影响青少年抑郁水平。	https://kns.cnki.net/kcms2/article/abstract?v=z-q19lQZUWGYNs-1sfehGqyMUreqM8Vbz-6rGTsowa-aIz2YSOV544dUTHuGd3QPPtSokStIksFQILlpeiU9uoK2j9B0Hv3hKgKRm89bOo1oGu36T2Q8OGCG1-9Vhepze8zM9otIteY4XoYwjRcEEA==&uniplatform=NZKPT&language=CHS
36	青少年心理韧性、家庭功能和抑郁情绪的关系	张敏;高海燕	安徽艺术职业学院马克思主义学院	2023/8/28	合肥学院学报(综合版)	基础科学;哲学与人文科学;社会科学Ⅱ辑	心理学;教育理论与教育管理	期刊	0	824	心理韧性; 家庭功能; 青少年学生; 抑郁情绪	采用家庭功能问卷、心理韧性量表、青少年抑郁情绪自我检测表对409名青少年学生进行心理问卷调查。发现独生子女与否在青少年学生的家庭功能和抑郁情绪上有显著效应，家庭功能是青少年学生心理韧性和抑郁情绪有力预测因素，心理韧性在青少年的家庭功能和抑郁情绪的关系中起到中介作用。认为应通过心理韧性的训练等方式减少青少年学生的抑郁情绪，良好的家庭功能能够有助于青少年学生形成积极发展特性，提高其心理韧性，在青少年学生遇到挫折或压力时减少抑郁情绪的发生。	https://kns.cnki.net/kcms2/article/abstract?v=z-q19lQZUWE2awRzdGDFZZNzVeR1ise3agQKuAkjFfATh9Y5dsFiB0H3gpPY6I3wx8_E2Ii-_4yyaHJYno4pxxhlZohVFZuX4vIvMuWkS7uJinBYlKsarFA1J_QCf_s2kzk6xHSmgtELtAa6Or1oNQ==&uniplatform=NZKPT&language=CHS
37	青少年抑郁：基于网络欺负的视角	李尉	天津农学院	2023/8/28	心理月刊	医药卫生科技	儿科学;精神病学	期刊	0	20	青少年; 抑郁; 网络欺负	青少年抑郁的相关研究，已受到越来越多心理学家的关注。本文就网络欺负对青少年抑郁的直接影响和间接影响进行论述，总结网络欺负与抑郁之间关联的内在机制并提出现有研究的不足和未来展望，可以为青少年抑郁和网络欺负问题提供新的研究视角。	https://kns.cnki.net/kcms2/article/abstract?v=z-q19lQZUWE2awRzdGDFZZNzVeR1ise3agQKuAkjFfD7-j0zz_4tiW3KCke-Ne47aVNYRMNlkEcd9R4i93-CnvL2Ze2ajMgdhtWiufg9zhz8F16d0ZBYkcoKV-cFcxolXbRYLd3BuOY=&uniplatform=NZKPT&language=CHS
38	亲子沟通与青少年情绪调节自我效能感、抑郁的关系	李瑾;唐海娇	上海市松江区精神卫生中心	2023/8/28	心理月刊	医药卫生科技;哲学与人文科学;社会科学Ⅱ辑	心理学;教育理论与教育管理	期刊	0	64	青少年; 亲子沟通; 情绪自我调节效能; 抑郁	目的 探讨青少年亲子沟通与情绪调节自我效能及抑郁的关系。方法 2023年4月采用便利抽样选取上海市某区一所中小学、一所高中学校的5～12年级8个教学班学生335人，其中男150例，女185例，通过儿童抑郁障碍自评量表、青少年亲子沟通心理量表和情绪调节自我效能感量表进行测查，采用独立样本t检验分析，Pearson进行相关性分析。结果 (1)以儿童抑郁障碍自评量表15分为临界值判断存在抑郁状况，共检出29人，男3人，女26人。(2)抑郁组与对照组在与父亲沟通上的总分、参与倾向性、情感需要、支配需要、轻松感、积极倾听、理解、开放的表达呈显著差异，P<0.05。(3)两组在与母亲沟通上的总分、参与倾向性、情感需要、支配需要、轻松感、积极倾听、理解呈显著差异，P<0.05。(4)亲子沟通与情绪调节自我效能感显著相关，其中在与父母沟通时的参与倾向性、情感需要以及与母亲沟通时的尊重与信任倾向与青少年表达快乐兴奋情绪的自我效能感呈显著相关，P<0.05，与父亲沟通时的积极倾听和理解、与母亲沟通时的情感需要和积极倾听与青少年管理内疚羞耻情绪的自我效能感显著相关，P<0.05。与父亲沟通时的理解和与母亲沟通时的积极倾听与管理消极情绪的自我效能感显著相关，P<0.05。结论 青少年抑郁与情绪调节自我效能与亲子沟通显著相关。 	https://kns.cnki.net/kcms2/article/abstract?v=z-q19lQZUWHT8qEbFa3leOqGxoIRZDUKW3QZzxAWq687jNce7vEW37AcQ24rLuGejk-xIaV8mMMpJksMN25nJ-gfbs2wFw190imDgC_-OK1D8xc5wqRw_Xx8GWDJLUixF9fHPypwghM=&uniplatform=NZKPT&language=CHS
39	普遍信任在女性青少年抑郁症患者依恋与抑郁之间的中介作用	唐兰;刘健;李琳;刘丹丹;沈欣欣	1. 安徽医科大学精神卫生与心理科学学院2. 杭州市第七人民医院3. 浙江理工大学心理学系	2023/8/25	四川精神卫生	医药卫生科技	儿科学;精神病学	期刊	0	72	依恋; 抑郁; 普遍信任; 女性; 青少年	"背景 女性青少年比男性青少年的抑郁症患病率更高且症状更重。青少年的普遍信任水平与抑郁症状严重程度相关，且依恋与普遍信任水平相关。故本研究基于普遍信任在依恋与抑郁之间的中介作用，探寻女性青少年抑郁症的发病机制。目的 探讨女性青少年抑郁症患者普遍信任在父亲、母亲、同伴依恋与抑郁之间的中介作用，为改善女性青少年抑郁症患者的抑郁症状提供参考。方法 纳入2022年3月-10月在杭州市第七人民医院门诊及住院部治疗的符合《国际疾病分类（第10版）》（ICD-10）抑郁症诊断标准的女性青少年患者73例，采用修订版青少年依恋问卷（IPPA-R）、普遍信任量表（IGTS）和儿童抑郁量表（CDI）进行调查。使用Pearson相关分析探讨各量表评分的相关性。使用Bootstrap法检验普遍信任在依恋与抑郁之间的中介作用。结果 (1)女性青少年抑郁症患者CDI评分与IPPA-R中的父亲、母亲、同伴依恋三个分量表评分均呈负相关（r=-0.463、-0.459、-0.447,P均<0.01）;IGTS评分与IPPA-R中的父亲、母亲、同伴依恋三个分量表评分均呈正相关（r=0.372、0.318、0.395,P均<0.01）;IGTS评分与CDI评分呈负相关（r=-0.531,P<0.01）。(2)中介效应检验显示，女性青少年抑郁症患者父亲、母亲、同伴依恋与抑郁水平的直接效应显著（效应值=-0.138、-0.136、-0.107,95%CI:-0.236～-0.039、-0.242～-0.029、-0.203～-0.012）。(3)普遍信任在父亲、母亲、同伴依恋与抑郁水平之间的中介效应显著（效应值=-0.069、-0.066、-0.071;95%CI:-0.127～-0.021、-0.137～-0.010、-0.145～-0.018）。结论 父亲、母亲、同伴依恋可以直接影响女性青少年抑郁症患者的抑郁水平，也可以通过普遍信任间接影响抑郁水平。 "	https://kns.cnki.net/kcms2/article/abstract?v=z-q19lQZUWGJMZZp3CbsVnDnYwxAgG04Bujb3AzSV8JarcAHxZIdWDaPFOLW0F4b_I0zSQW8vv0O5TWqF0EbcjP9ChYleaq568DPOHDKOHTUimfjc0YWjL9gfd0B1KOVo7dSol9wVqB7D_j1gm7MfQ==&uniplatform=NZKPT&language=CHS
40	系统性免疫炎症指数与儿童青少年抑郁患者自杀意念的相关性分析	崔舒;刘志伟;刘云;姚高峰;孙锋	阜阳市第三人民医院精神科	2023/8/25	国际精神病学杂志	医药卫生科技	儿科学;精神病学	期刊	0	40	抑郁障碍; 自杀意念; 儿童和青少年; 系统性免疫炎性指数	"目的 本研究评估儿童和青少年抑郁症（MDD）患者系统免疫-炎症指数（SII）与自杀意念的相关性。方法 本回顾性研究纳入在阜阳市三院住院治疗的795名患有MDD的儿童和青少年。依据有无自杀意念进行分组，比较两组患者SII和临床病理特征的差异，使用受试者操作特征曲线（ROC）测定SII的最佳临界值和曲线下面积，使用二元Logistic回归分析自杀意念的独立危险因素。结果 与无自杀意念的患者相比，伴有自杀意念的MDD患者的汉密尔顿抑郁量表评分，中性粒细胞和SII水平更高（P均<0.001）。最佳临界SII值是310.95（敏感=73.7%，特异性=44.7%），曲线下面积为0.603。在Logistic回归模型中，在控制年龄、性别、发病年龄、病程和汉密尔顿抑郁量表评分后，SII与自杀意念显著相关（β=0.809,P<0.001;OR[95%置信区间]=2.246 [1.543～3.270]）。结论 SII是影响儿童和青少年MDD患者自杀意念的独立危险因素。"	https://kns.cnki.net/kcms2/article/abstract?v=z-q19lQZUWGJMZZp3CbsVnDnYwxAgG04Bujb3AzSV8LToYdtk71cquQvaasD2spwRpmGGenKDjhoo5qcjhAW0gfLuld-TtyZjA802SN_1Dk5Xy7N8l9dcoouWJCuTy7QWkrzrR72DFE2VkBQT-axKw==&uniplatform=NZKPT&language=CHS
41	清远市抑郁症高危青少年流行病学及危险因素调查	吴文华;沈锦红;黄肖霞;郭碧华;胡卓坚	清远市妇幼保健院	2023/8/25	国际精神病学杂志	医药卫生科技	预防医学与卫生学;儿科学;精神病学	期刊	0	60	青少年; 抑郁症状; 危险因素; 家庭环境; 社会支持	目的 调查清远市抑郁症高危青少年的流行病学现状，研究其抑郁症状与家庭环境因素、社会支持系统的关系。方法 采用分层随机抽样的方法在清远市随机抽取31所中学，再从每所中学的各个年级分别随机抽取两个班级，共抽取186个班级，以班级的所有学生作为调查对象。采用自编一般情况问卷评估人口学特征，采用流调中心用抑郁量表（CES-D）、家庭环境量表简式中文版（FES-F）、青少年社会支持量表中文版（ASSS-CV）分别评估青少年抑郁症状、家庭环境和社会支持程度。结果 8745名学生作为调查对象，获得了8291份有效问卷，总有效率为94.8%，其中3076名青少年（37.1%）存在抑郁症状，即抑郁症高危青少年。多因素Logistic二元回归分析显示，女性、高中生为危险因素，而0～6岁养育者为父母、家庭结构完整、无睡眠问题、非学习目的每日使用电子产品时间小于1小时则为保护性因素。抑郁症高危青少年的FES-F和ASSS-CV的总分及其各分量表分值均明显低于与无抑郁症状的青少年，差异具有统计学意义（P<0.05）。结论 清远市抑郁症高危青少年检出率较高，其中女性、高中生为危险因素，而0～6岁养育者为父母、家庭结构完整、无睡眠问题、非学习目的每日使用电子产品时间小于1小时则为保护性因素。抑郁症高危青少年较难获得家庭和社会的理解与支持。 	https://kns.cnki.net/kcms2/article/abstract?v=z-q19lQZUWEfVFTm1qNJQTiJo5oj7M09Z8yKrLljlxJElARGeb-bdJl7ppgYrtNkluL5XPSf9xQ8JpfUqlwxSAI4ydQ-TeJFV3_wCgQ1ePpsEt1kNy1xB8yPM_JZ0PXabRkgZmx-WJd9vyMgbhRU1A==&uniplatform=NZKPT&language=CHS
42	iTBS模式重复经颅磁刺激联合氟伏沙明治疗首发青少年抑郁症非自杀性自伤行为的临床观察	林红;刘陈;尹娥;肖志刚;廖卉	1. 宜昌市优抚医院宜昌市精神心理疾病临床医学研究中心2. 宜昌三峡中心人民医院	2023/8/25	国际精神病学杂志	医药卫生科技	儿科学;精神病学	期刊	0	64	重复经颅磁刺激; 青少年抑郁; 非自杀性自伤; iTBS	目的 探讨间歇性θ脉冲刺激（i TBS）模式重复经颅磁刺激（rTMS）治疗首发青少年抑郁症中非自杀性自伤（NSSI）行为的疗效。方法 将首发伴NSSI行为的青少年抑郁症患者随机分为两组，对照组给予氟伏沙明治疗（n=36），研究组在其基础上联合iTBS模式rTMS治疗（n=38）。采用汉密尔顿抑郁量表（HAMD）评定其病情，TESS量表记录其不良反应，Barratt冲动量表（BIS-II）中文修订版评定其冲动行为，青少年NSSI行为功能评估量表评定其自伤水平。结果 治疗2周后，研究组HAMD评分较治疗前显著降低（P<0.05），第4周时两组患者均较治疗前显著降低（P<0.01），且组间存在显著差异（P<0.01）。治疗4周后两组患者BIS-II修订版评分和青少年NSSI行为功能评估量表（NSSI-AT）修订版评分较治疗前也均显著降低（P<0.01），且研究组显著低于对照组（P<0.05）。结论 iTBS模式rTMS能显著降低伴有NSSI行为青少年抑郁症患者的抑郁情绪、冲动性及自伤水平，安全有效。	https://kns.cnki.net/kcms2/article/abstract?v=z-q19lQZUWHoes3I47GCj3qAmTwnFSPkwEzEPjYT258yqMlAyXFxkCx_I9w8tX26yqz3KZr1lRuGct5j3fo4KmSEvuP-Q-oGb2BVCGwYHKDCaV5uzFisQthYAi1pgmCUXQyZDBrhYM9UXn7RV-FDMA==&uniplatform=NZKPT&language=CHS
43	基于互联网的自助干预对青少年抑郁疗效的系统评价与meta分析	严波;郑晓晖;罗诗韵;赖雨婷;谭静仪	1. 广州新华学院健康学院2. 中山大学公共卫生学院	2023/8/25	中国医院统计	医药卫生科技	儿科学;精神病学	期刊	0	39	互联网; 自助; 抑郁症; 随机对照试验; meta分析	"目的 评价基于互联网的自助干预对青少年抑郁疗效是否优于阴性对照组和常规治疗组。方法 检索PubMed、CNKI等14个数据库。收集符合纳入和排除标准的随机对照试验(RCT),干预措施为基于互联网的自助干预，对照组为常规治疗或阴性对照。检索时间为建库至2023年1月1日。由2名研究人员独立进行文献筛选和信息收集。采用ROB 2.0及Jadad评分量表对文献质量进行评估。采用CMA 3.0软件进行meta分析(随机效应模型),以SMD及95%CI为效应指标。使用I2评价异质性，采用亚组分析探索异质性来源。采用GRADE证据分级进行证据质量的评价。结果 本文按照PRISMA 2020标准报告研究结果。最终纳入8篇RCT,包括1 947名经抑郁量表筛查或临床医师诊断的10～19岁研究对象。meta分析结果显示，基于互联网的自助干预可能有助于降低青少年抑郁量表得分(SMD=-0.33,95%CI:-0.57～-0.08,I2=73.41)。Egger′s检验提示无发表偏倚(P=0.25)。与阴性对照组相比，基于互联网的自助干预可能有效(SMD=-0.41,95%CI:-0.72～-0.10)。疗程>6周的干预提示可能有效(SMD=-0.67,95%CI:-0.97～-0.38)。干预结束后，短期随访结果提示干预效果仍有可能维持(SMD=-0.21,95%CI:-0.41～-0.01),而长期随访结果未见干预效果。非临床招募的患者中显示干预可能有效(SMD=-0.45,95%CI:-0.75～-0.15),而临床招募的患者中未见干预效果。GRADE证据分级为中等质量证据，提示研究结果与实际效应有可能接近。结论 基于互联网的自助干预对青少年抑郁疗效优于阴性对照组，可能有助于改善青少年抑郁症状。值得关注的是，当前纳入的研究多开展于发达国家和地区。未来可考虑针对我国青少年开展相关研究，尤其是设计精良、关注长期随访结果的RCT研究，进一步丰富和完善现有证据。 "	https://kns.cnki.net/kcms2/article/abstract?v=z-q19lQZUWEfn00N-E0bJ_rqI1sWA7Bnmx-NoynUNf6jJOxQ95V5HWJqWjjg2XYL0u2A8jgskmmfcJpxNv0biTXbXpnqsxQ4Ylu-JdLKwlpZlRNJnrqP-eGTpQJwEKksxu2uzWqPHzcUdbbV7JfHqg==&uniplatform=NZKPT&language=CHS
44	基于脑浅析针灸治疗青少年抑郁症的中医理论基础 网络首发	杨夕冉;郭丽丽;史亚飞;孟威威	1. 河南中医药大学2. 广州中医药大学3. 河南省中医院	2023/8/22 14:40	辽宁中医杂志	医药卫生科技	中医学	期刊	0	230	针灸; 脑主神明; 青少年抑郁症; 中医理论基础	近年来，青少年抑郁患病率逐渐升高，现有的青少年抗抑郁药较少且存在不良反应，针刺治疗抑郁症疗效显著且毒副作用少。目前，基于脑探索针刺治疗青少年抑郁症研究较少，本文结合“小儿”生理病理特点，基于脑探讨针灸治疗青少年抑郁的中医理论基础，以期为临床针灸治疗青少年抑郁症提供理论依据，也为针灸治疗青少年抑郁基础研究提供理论支持。	https://kns.cnki.net/kcms2/article/abstract?v=z-q19lQZUWHAaMD5Qq7og6Rqfhc812Yuqo5b9gilY_HkwFqlfmoCnPEih5qRAL9Q03QsSM6834wP8IHLylFrqB5mFzaiFDQ1MZdnOEy74AVNpWs1FHcKd7T9urwFpfmYW3nVPggiBzg=&uniplatform=NZKPT&language=CHS
45	心理韧性与情绪平衡在日常压力与青少年抑郁之间的链式中介作用	王;于增艳	齐齐哈尔医学院精神卫生学院	2023/8/21 9:35	中国儿童保健杂志	医药卫生科技	儿科学;精神病学	期刊	0	485	日常压力; 抑郁; 心理韧性; 情绪平衡; 青少年	"目的 探讨心理韧性与情绪平衡在日常压力与青少年抑郁之间的链式中介效应，为改善青少年抑郁等情绪问题提供理论依据。方法 于2022年9月采用青少年压力生活事件量表、儿童青少年积极和消极情绪体验汉化版量表、心理韧性量表以及流调中心抑郁量表对黑龙江省某中学1 153名初中生进行整群抽样调查。首先通过χ2检验和二元Logistic回归模型对抑郁症状的特征进行分析，然后采用结构方程模型来检验心理韧性与积极/消极情绪在日常压力与青少年抑郁之间的链式中介作用。结果 1 153名初中生中共有抑郁症状474例(41.1%),不同性别、年级、留守经历的初中生抑郁症状检出率差异有统计学意义(χ2=6.12、9.71、13.89,P<0.05);日常压力和消极情绪得分越高，青少年抑郁症发生的风险越高(OR=1.03,95%CI:1.02～1.04;OR=1.12,95%CI:1.10～1.14),而积极情绪则是缓解青少年抑郁症发生的保护因素(OR=0.94,95%CI:0.92～0.96);心理韧性和积极、消极情绪在日常压力和青少年抑郁水平之间独立中介效应显著(中介效应分别为4.09%、5.22%、39.90%),链式中介作用也显著(中介效应分别为3.88%、4.13%)。结论 日常压力可直接预测青少年抑郁，还可通过心理韧性和情绪平衡的链式中介作用间接预测青少年的抑郁。 "	https://kns.cnki.net/kcms2/article/abstract?v=z-q19lQZUWHAaMD5Qq7og6Rqfhc812YuxN-xTI4eqlAHZA5ttibff-fPrUYmH-bWo8_7MO-5VD7lUv5W7UnH0vrHeDbBj-gAc5t6WBNYqHze2zhE9dFriv3j267fjCjx1rrcT5dcQn2jKuiyoOtsaw==&uniplatform=NZKPT&language=CHS
46	苏州市青少年抑郁情绪调查及其影响因素研究	孔令华;陈洪宝;李顺;张兰兰;王国盛	1. 苏州市广济医院2. 江苏省苏州第一中学校3. 南通市第四人民医院	2023/8/20	临床精神医学杂志	医药卫生科技	儿科学;精神病学	期刊	0	328	青少年; 抑郁情绪; 影响因素; 预防	"目的:了解苏州市青少年抑郁现状并分析其影响因素，为预防青少年抑郁的发生提供科学依据和理论指导。方法:采用整群分层随机抽样的方法，纳入研究2019年6月至12月苏州市某城区的18所中学学生，采用一般情况调查表、患者健康问卷抑郁量表(PHQ-9)、广泛性焦虑量表(GAD-7)调查其抑郁情绪及其相关影响因素。结果:本次调查的11458名青少年抑郁情绪平均得分5.34分，具有抑郁情绪者2078名，抑郁情绪检出率18.1%。多因素Logistic回归分析显示，父母关系差(OR=2.551,P<0.001)、学校欺凌(OR=1.792,P<0.001)、焦虑情绪(OR=1.500,P<0.001)、高中年级(OR=1.174,P=0.036)、女性(OR=1.310,P<0.001)、是青少年抑郁情绪的危险因素。结论:青少年抑郁情绪较为普遍，父母关系差、学校欺凌、焦虑情绪、高中年级、女性是青少年抑郁情绪的危险因素，应定期对这一人群进行心理状况筛查，提供干预策略，预防青少年抑郁。"	https://kns.cnki.net/kcms2/article/abstract?v=z-q19lQZUWFPtn-f6WTo-8ea6haEMterbc569i0KDWvFie7dmDU_PvwVY1DB-v54GkeW7Gxb16Pb8HGoFP9FfFWvqVdzZVaQ_olB21Wd8xrXKXL98RiY4rpdYzenK8CmMTa4a5b3lvj1DyKnxnn31g==&uniplatform=NZKPT&language=CHS
47	儿童青少年期抑郁发作特点100例病历临床分析	马迅;唐锴;曾涛	桂林市精神卫生中心	2023/8/20	临床精神医学杂志	医药卫生科技	儿科学;精神病学	期刊	0	98	儿童青少年期; 抑郁发作; 特点; 临床分析	<正>本研究纳入桂林市社会福利医院2021年1月1日至2021年12月31日门诊以及住院符合《国际疾病分类》第10版（ICD-10）单相抑郁发作诊断标准的儿童青少年期患者（年龄≤18岁[1]），抽取病例中有汉密尔顿抑郁量表以及症状自评量表评分的进行评定，使用两个量表对100例病例进行分析并研究桂林市儿童青少期抑郁发作的特点，现报告如下。1对象和方法2021年1月1日至2021年12月31日在桂林市社会福利医院门诊以及住院单项抑郁发作的儿童青少期患者。入组标准：年龄≤18岁；	https://kns.cnki.net/kcms2/article/abstract?v=z-q19lQZUWG2y-gaONHAW2CFF7XU6IDdLpW-wEBKpUXTI_SwWKpnr2BKocGXaumRxOObJTZWfyPXOoM5b5tissWKpr0a99F79KfBk5g8v7KLBUpT2wO1egzlteeX6kkxDqEGL72Qd7A-oUBCboU1tw==&uniplatform=NZKPT&language=CHS
48	关于抑郁发作的青少年患者自我概念的质性研究	邱伟芬;钱俊;杨婧;彭洪;董丽婷	1. 安宁市第一人民医院2. 大理大学护理学院3. 空军军医大学第一附属医院	2023/8/20	基层医学论坛	医药卫生科技	临床医学	期刊	0	83	青少年; 抑郁发作; 自我概念; 质性研究	目的 深入了解抑郁发作的青少年患者在抑郁心境下的自我概念现状，使医护人员能更好地了解其心理过程，并提供心理服务。方法 采用目的抽样法，选取在某院门诊进行心理咨询并经医生确诊为抑郁发作的12名青少年患者，以半结构式访谈收集资料并用Colaizzi七步分析法分析提炼主题。结果 最终提炼出5个主题，即自我意象歪曲、自我功能评价偏低、自我空洞与迷茫感、自我无意义感、人际关系冲突及退缩。结论 抑郁发作期青少年患者自我概念消极、自我认同感偏低，护理人员需正确认识其消极自我概念，并提供个体化心理护理，帮助患者提高自我概念清晰化，以促进患者抑郁情绪的改善，保障患者安全。	https://kns.cnki.net/kcms2/article/abstract?v=z-q19lQZUWGSIiygfZbJGtM262sPQ5oY7hsb4RZnlWyHa11JSclUdYb8r0-Yvdplk8pqYF5nfPxTqleTzYEYDCko2NcwcUy0TOF4fw8wZ6W8UcSXJn-Aokbxs6DNG8lfAvsH5nkgD2CvULVHGX8gVg==&uniplatform=NZKPT&language=CHS
49	抗抑郁药治疗青少年抑郁症伴自杀意念的患者的甲状腺激素水平	张佳俐;王小泉;徐慧;王祖森;汪莲籽	1. 皖南医学院2. 芜湖市第四人民医院	2023/8/20	上海预防医学	医药卫生科技	儿科学;精神病学	期刊	0	240	青少年; 抑郁症; 自杀意念; 甲状腺激素; 抗抑郁药	【目的】比较伴与不伴自杀意念青少年首发抑郁症患者的甲状腺激素水平差异，探讨甲状腺激素与其自杀意念间关联性及抗抑郁药治疗变化。【方法】选取2020年9月―2022年7月精神专科医院100例首发抑郁症青少年患者，将100例患者依据自杀意念量表（SIOSS）列为非自杀意念（n=52）和自杀意念组（n=48）。比较两组在一般人口学资料、促甲状腺激素（TSH）、三碘甲腺原氨酸（T3）、甲状腺素（T4）、游离三碘甲腺原氨酸（FT3）和游离甲状腺素（FT4）水平上的差异、甲状腺激素水平与HAMD-17评分的相关性、抗抑郁药治疗6周后激素水平的变化。【结果】非自杀意念组在FT3、FT4、T4水平上均比自杀意念组高；经抗抑郁药治疗6周后，自杀意念组治疗后的FT3、FT4、T4水平均比治疗前高；男性非自杀意念组的FT3水平比自杀意念组高；女性非自杀意念组的FT4、T4水平比自杀意念组高（均P<0.05）。【结论】伴与不伴自杀意念青少年首发抑郁症患者的甲状腺激素水平上存在差异且伴自杀意念的患者经抗抑郁药治疗后有明显变化。	https://kns.cnki.net/kcms2/article/abstract?v=z-q19lQZUWGSIiygfZbJGtM262sPQ5oY7hsb4RZnlWym_E2sGxUaRqz_seJQzslteW9ZcDdqKx4BWcS3DQMhhFWCO-yJQUKo2RMoQl0JFWhs84hCyz7ZCRuyiWllDSmFUG5sOLSD_Ib1BoKpZGmwVA==&uniplatform=NZKPT&language=CHS
50	青少年抑郁情绪与童年心理创伤及母亲妊娠期疾病的相关性	王牮;李光芸;许树才	1. 湖北省武汉市精神卫生中心心理创伤病区2. 中国地质大学心理科学与健康研究中心3. 湖北省中西医结合医院肿瘤科	2023/8/18 11:58	中国学校卫生	医药卫生科技;哲学与人文科学	预防医学与卫生学;心理学	期刊	0	282	抑郁; 精神卫生; 母亲; 妊娠; 疾病; 回归分析; 青少年	"目的 探讨青少年抑郁情绪与童年心理创伤及母亲妊娠期疾病的关系，旨在为制定青少年心理健康发展规划提供科学依据。方法 2022年1―7月，采用分层整群抽样的方法抽取武汉市2 092名中小学生，以问卷调查的形式了解青少年抑郁情绪、童年心理创伤、母亲妊娠期疾病情况，并分析影响青少年抑郁情绪的因素。结果 出现抑郁情绪的青少年139名(6.64%)。抑郁组童年期创伤问卷(CTQ)评分为(57.49±6.85)分，未抑郁组为(46.28±5.96)分，差异有统计学意义(t=21.14,P<0.05),母亲妊娠期高血压、糖尿病、胆汁淤积症、甲状腺功能减退/亢进、贫血、病毒性肝炎发生率分别为11.51%,9.35%,7.19%,7.91%,9.35%,3.60%;未抑郁组分别为5.79%,4.71%,3.64%,3.07%,4.30%,1.18%,差异均有统计学意义(χ2值分别为7.35,5.87,4.42,9.28,7.49,5.75,P值均<0.05)。青少年抑郁情绪报告率在不同学习压力程度间差异有统计学意义(χ2=16.04,P<0.05)。多因素Logistic回归分析结果显示，母亲妊娠期高血压(OR=5.04,95%CI=2.07～12.24)、糖尿病(OR=4.49,95%CI=1.85～10.91)、甲状腺功能减退/亢进(OR=4.01,95%CI=1.65～9.74)、贫血(OR=3.68,95%CI=1.51～8.94),青少年学习压力大(OR=3.52,95%CI=1.45～8.56)、CTQ评分(OR=4.63,95%CI=1.91～11.26)与青少年抑郁情绪呈正相关(P值均<0.05)。结论 青少年抑郁情绪可能与学习压力大、童年心理创伤及母亲妊娠期高血压、糖尿病、甲状腺功能异常、贫血有关。相关部门应针对以上因素采取相关措施，降低青少年抑郁发生风险。 "	https://kns.cnki.net/kcms2/article/abstract?v=z-q19lQZUWF3gxTSOkE0Vb2XfpRabqpjOOrdeaehwcluN39waAbbdbSPzcAcCWnUFquC64yvJbb20U9FMMA4XlP8na3loHb-SsviOWgy5E0B-7DezvHkT_bjCFxQKWcAm_Bn2Zi5KQrwg9PfQddRfA==&uniplatform=NZKPT&language=CHS
51	广东省清远市青少年抑郁症状的临床特征调查	莫慧贞;凡伟;郭碧华;成艳玲;谭俊杰	清远市妇幼保健院	2023/8/15	现代医药卫生	医药卫生科技	儿科学;精神病学	期刊	0	79	青少年; 抑郁; 调查和问卷; 广东	"目的 揭示广东省清远市青少年抑郁症状的临床特征。方法 2022年3-4月采用分层随机抽样的方法在广东省清远市随机抽取16所中学，再从每所中学的各个年级中分别随机抽取2个班级，共抽取131个班级，以班级的所有学生作为调查对象。采用自编一般情况问卷评估人口学特征，流行病学调查中心用抑郁量表评估抑郁症状。共发放问卷6 000份，获得有效问卷5 762份，问卷有效回收率为96.0%。结果 5 762名学生中肯定存在抑郁症状者1 915名(33.2%),肯定存在抑郁症状学生年龄16(15,17)岁，高峰16岁，占28.5%(546/1 915)。出现频率居前3位的抑郁症状依次为自卑感[30.2%(579/1 915)]、烦恼[16.2%(311/1 915)]、空虚感[15.4%(295/1 915)]。其中女生、高中生、0～6岁养育者为其他人、单亲家庭、有睡眠问题、非学习每天电子产品使用时间大于或等于1 h的青少年抑郁症状检出率较高，差异均有统计学意义(P<0.05)。结论 广东省清远市青少年抑郁症状检出率较高，抑郁症状青少年面临自卑、烦恼和空虚感。性别、年龄、养育者、家庭结构、睡眠、电子产品的使用时间与抑郁症状有关。 "	https://kns.cnki.net/kcms2/article/abstract?v=z-q19lQZUWF_4aEtIv3HZSNmWLGr602sG7ZKpQI9g3FlU34a5vGf1l_WmlcRSiCsVh0xi-DvZ9eDClnlEJoaapG-OnpWETUEtRD5-0QItukvwf2iYl3vEB7VxBguEzxpPx5gxuOSuZ-RqRP1ysiVlw==&uniplatform=NZKPT&language=CHS
52	支持性心理干预分别联合舍曲林和艾司西酞普兰对青少年抑郁障碍睡眠及自杀意念的影响	陈江江;欧阳伟;章松平	江西省萍乡市第二人民医院	2023/8/15	中国医学创新	医药卫生科技	儿科学;精神病学	期刊	0	71	抑郁障碍; 青少年; 舍曲林; 艾司西酞普兰; 支持性心理干预; 睡眠; 自杀意念	目的：探究支持性心理干预分别联合舍曲林和艾司西酞普兰对青少年抑郁障碍睡眠及自杀意念的影响。方法：回顾性选取萍乡市第二人民医院2019年7月―2022年8月收治的67例青少年抑郁障碍患者，根据治疗方法分为舍曲林组（32例）和艾司西酞普兰组（35例），舍曲林组采用支持性心理干预联合舍曲林，艾司西酞普兰组采用支持性心理干预联合艾司西酞普兰，比较两组疗效、抑郁症状改善情况、睡眠障碍、自杀意念及不良反应。结果：治疗12周后，舍曲林组治疗总有效率为87.50%，艾司西酞普兰组为94.29%，差异无统计学意义（P>0.05）；舍曲林组、艾司西酞普兰组汉密尔顿抑郁量表（HAMD-17）分值均较治疗前降低（P<0.05），两组差异无统计学意义（P>0.05）；舍曲林组、艾司西酞普兰组匹兹堡睡眠质量指数（PSQI）分值均较治疗前降低，艾司西酞普兰组PSQI分值低于舍曲林组，差异均有统计学意义（P<0.05）；舍曲林组、艾司西酞普兰组Beck自杀意念量表中文版（BSI-CV）评分均较治疗前降低（P<0.05），两组差异无统计学意义（P>0.05）。艾司西酞普兰组胃肠道反应发生率低于舍曲林组（P<0.05）。结论：支持性心理干预分别联合舍曲林和艾司西酞普兰治疗青少年抑郁障碍效果相当，都能有效减轻自杀意念，但艾司西酞普兰在改善睡眠障碍和安全性方面更具优势。 	https://kns.cnki.net/kcms2/article/abstract?v=z-q19lQZUWHtllqSqXbQgt-GsNtqKWKJJ7bfLMSPVWTD8q1RCkGk9E14QjzaRFLRD2nJFo-4cAa8Q2tPMmikjEk9tLtKXHHvR32xKiAw_ClNhBfZRrktAeKv670-najCDcclPTm2_V0QL-60NHeFUQ==&uniplatform=NZKPT&language=CHS
53	舞动疗愈护理在青少年抑郁障碍患者康复过程中的应用研究	汪琳;鲍丽萍;何厚红;曹娟;牧婷	1. 芜湖市第四人民医院临床心理科2. 芜湖市第四人民医院门诊部3. 芜湖市第四人民医院儿少科	2023/8/15	皖南医学院学报	医药卫生科技	临床医学	期刊	0	56	青少年; 抑郁障碍; 舞动疗愈护理; 情绪应对	"目的:探讨舞动疗愈护理在青少年抑郁障碍患者康复过程中的应用。方法:选取2021年12月～2023年2月在芜湖市第四人民医院治疗的青少年抑郁障碍患者90例为研究对象，分为观察组和常规组各45例。常规组使用精神科常规护理，观察组在常规组的基础上增加12次舞动疗愈护理，采用简易应对方式问卷、匹兹堡睡眠质量指数量表、汉密尔顿抑郁量表-24(HAMD-24)、汉密尔顿焦虑量表-14(HAMA-14),分别于基线期及干预后进行评估。比较两组治疗前后评分，评价舞动疗愈的干预效果，评估两组患者的应对方式、睡眠质量、抑郁情绪和焦虑情绪。结果:两组患者干预后积极应对评分均提升，消极应对评分均下降(P<0.05);观察组干预前后积极应对评分上升幅度优于常规组(P<0.05)。两组患者干预后抑郁和焦虑情绪评分均下降(P<0.05);观察组干预前后抑郁情绪评分下降幅度优于常规组(P<0.05)。两组患者干预后PSQI得分均下降(P<0.05);且观察组干预前后PSQI得分下降幅度优于常规组(P<0.05)。结论:舞动疗愈护理应用于青少年抑郁障碍的患者，可缓解青少年患者的负性情绪，改善患者的应对方式，提高患者的睡眠质量，有助于青少年患者回归社会。 "	https://kns.cnki.net/kcms2/article/abstract?v=z-q19lQZUWHtllqSqXbQgt-GsNtqKWKJJ7bfLMSPVWT1wlh2shqE-ss_7pf3BQzdCx6tWxiR2XszgQOwamR0UOFWo_vC_eQs4teeRjh6YporMjq4PvXuUueRc5ZIddDJrdyry2E118YhH5i9hb4ZPw==&uniplatform=NZKPT&language=CHS
54	构建家校联盟――青少年抑郁症的早期干预路径研究	陈雨曦;胡佳;张莉;李艾栖;徐杰	1. 自贡职业技术学校2. 自贡市蜀光中学3. 自贡市沿滩区龙湖中学校  4. 遂宁市广德初级中学校	2023/8/15	心理月刊	医药卫生科技	儿科学;精神病学	期刊	0	47	青少年抑郁; 家校合作; 早期干预	目的 了解家庭与学校对于青少年抑郁症的家校合作干预的认知与需求，探讨出一条青少年抑郁症的早期干预路径，为学校心理健康工作提供实践依据。方法 (1)问卷调查法，2022年3月，我们采用分层抽样的方式选取了四川省某市6所中学校，采用自编《青少年抑郁症及家校合作干预的认知与需求调查表（家长版）/（教师版）》，调查教师和家长群体在青少年抑郁症问题及其家校合作干预途径上的认知现状与需求。由该校心理老师发放问卷，邀请全部教师与家长共同填写，最终回收有效问卷共5 533份，其中家长版4 912份，教师版621份；(2)个别访谈法，采用定向筛查，分别对8名抑郁青少年、8名家长、16名教师进行了个别访谈，深入了解青少年抑郁症家校合作干预路径的现状、挑战以及期望。结果 (1)不管是家长还是教师，对青少年抑郁普遍缺乏认识；(2)教师与家长在认识与对待青少年抑郁问题上存在差异，相比家长，教师群体对青少年抑郁问题有更加正确、合理的认知，二者差异具有统计学意义（P<0.05）；(3)应对青少年抑郁问题，家校尚未形成合力。结论 在应对青少年抑郁症的问题上，家校需要形成合力，不仅需要通过科普、针对不同认知需求进行正确引导，提供专业支持；还需要消除双方误解，以多种形式的合作为路径，促进家校共赢。 	https://kns.cnki.net/kcms2/article/abstract?v=z-q19lQZUWHzp40XIntC9PlQL7d_dF3GNZjNiWH5GEyqwWZtFkoHRToxyY5scxswEllArd6Nifn1eY4SmnLuSFVbe1DVVNPcWn10SyYPGvyhxyo61nap-TqI6dbcZvcFH6rZ_FE9qt9MRGG67V9yXg==&uniplatform=NZKPT&language=CHS
55	分阶段干预改善青少年抑郁病人非自杀性自伤行为的效果	陈琳;李云雁;李素萍	山西医科大学第一医院	2023/8/10	护理研究	医药卫生科技	临床医学	期刊	0	403	青少年; 抑郁; 非自杀性自伤; 跨理论模型; 自我意识; 护理	目的:分析分阶段干预对青少年抑郁障碍病人非自杀性自伤行为的影响。方法:选取2021年7月―2022年1月山西医科大学第一医院精神卫生科收治的90例青少年抑郁病人，随机分为干预组44例和对照组46例。对照组采用常规护理，干预组在对照组基础上实施行为分阶段干预。采用汉密尔顿抑郁量表-24(HAMD-24)、抑郁自评量表（SDS）、Barratt冲动行为量表（BIS-Ⅱ）、青少年自我伤害问卷、Pieir-Harris儿童自我意识量表比较两组干预效果。结果:出院6个月后干预组青少年抑郁障碍病人抑郁、冲动行为、自我伤害及自我意识评分改变均优于对照组，差异均有统计学意义（P<0.05）。结论:对青少年抑郁障碍病人非自杀性自伤行为实施分阶段干预有助于缓解其抑郁情绪，提高自我意识水平，降低非自杀性自伤行为、冲动行为。	https://kns.cnki.net/kcms2/article/abstract?v=z-q19lQZUWGslj635OT6jpKYmvylL8NnXHv5FTBPVEks-VvBRthy1a_D9wkB8ap6wzCXIeHZ5lyArEp0dCUVWGknX8GgpX8YbNmf8y2DN4QiOsX-gFz4Dcvih_2cxV2_LlqHNVx8ZXqD-rme_b4EQw==&uniplatform=NZKPT&language=CHS
56	从肝阳虚论治儿童青少年抑郁障碍	张宁;张宏贤;郭简宁;白雪;马宁	1. 北京中医药大学第三临床医学院2. 北京中医药大学第三附属医院儿科	2023/8/6	环球中医药	医药卫生科技	中医学	期刊	0	96	肝阳虚; 肝阳不足; 儿童青少年抑郁障碍; 郁证; 温肝阳	儿童青少年抑郁障碍是一种常见的未成年人精神疾病，发病率逐年增高，治疗困难。中医治疗有独特优势，但对其病因病机众说纷纭。儿童青少年体质特殊，更易存在肝阳不足，致肝气失司，疏泄无权，肝血不行，魂居不安引起抑郁障碍。故肝阳虚是儿童青少年抑郁障碍的重要病机之一，临床诊治当以温肝阳为法，兼顾疏肝气、养肝血、安神魂，同时顾护脾胃可取得良好疗效。本文从肝阳虚角度对儿童青少年抑郁障碍进行论述，并附医案一则以资验证，以期提高对儿童青少年精神类疾病的重视，并为此类疾病的临床诊治提供新思路与新方法。	https://kns.cnki.net/kcms2/article/abstract?v=z-q19lQZUWFQ2wY2Izh1gyXNRwF4BgrC8VzO22_m7BYg1UBpIJ26VCmBDVeo65ffJjQMJXZ2yBWSBPAylxHG3RDDRIFZFyOb1mc9oNWbAg96kP_1M7FSbjLF0DV06kBozIsBROr21Y7Sd29E_BDyNg==&uniplatform=NZKPT&language=CHS
57	青少年抑郁风险高于成人	卫文		2023/8/1	家庭医学	无	无	特色期刊	0	26	无	<正>中国科学院心理研究所和社会科学文献出版社共同完成的2022版《中国国民心理健康发展报告（2021～2022）》已经发布。《报告》提示，青年和低收入群体心理健康风险较高，更需要予以关注。《报告》基于近20万人次的调查，综合分析了我国多个人群的心理健康基本特征。结果显示，超80%的成人自评心理健康状况良好，成人抑郁风险检出率为10.6%。“工作时间的变化、工作倦怠、	https://kns.cnki.net/kcms2/article/abstract?v=z-q19lQZUWFQ2wY2Izh1gyXNRwF4BgrCM1wzOS4-8pqeKJGZ5hgsczy334iiVrtPbgXVZZB2zLcgys2Iqzsm3AEv4fsaBqDrIQ4MoBazIGhLQ3m1PElNP8va7W9UJU_52fnAsKlmGpzx15Ym77Fg-g==&uniplatform=NZKPT&language=CHS
58	重度抑郁青少年患者开展心理疏导的效果	陆旭谊;朱晓茜;唐雅婷	南宁市第五人民医院儿童青少年心理病区	2023/7/28	心理月刊	医药卫生科技	临床医学	期刊	0	27	青少年; 重度抑郁; 心理疏导; 效果	目的 探究重度抑郁青少年患者开展心理疏导的效果及对生活质量的改善。方法 选择2021年1月～2022年3月收治的106例重度抑郁青少年患者作为研究对象，并根据随机数字表法分为对照组(n=53，实施常规干预)与观察组(n=53，实施心理疏导干预)，比较分析两组患者心理水平、生活质量、自知力及满意度等情况。正态计量资料采用t检验，计数资料采用x2检验。结果 在心理状态方面，实施后观察组汉密尔顿抑郁量表(HAMD)、汉密尔顿焦虑量表(HAMA)评价得分分别是31.52±4.16分、30.27±5.33分均显著小于对照组(P<0.05)。在生命质量方面，实施后观察组生命质量评价得分显著高于对照组(P<0.05)。在自知力方面，实施后观察组患者自知力和治疗态度评价得分显著高于对照组(P<0.05)。观察组满意度显著高于对照组，具有统计学差异(P<0.05)。结论 面向重度抑郁青少年患者开展心理疏导，可以更好地改善患者的不良心理情绪，提高生命质量及自知力。	https://kns.cnki.net/kcms2/article/abstract?v=z-q19lQZUWGHicDGeMY9CYA8-O6vZONEGXqETXcw0dVI_bjnVyOA-kabXuNUsRhKMNf2N2TNG_Sc_LGcRvXpc06mF0VIhFE6MQHfAZ-7T0ie2drDVqBTLJMbyletIqaO8dCxFyPzJ1uHFNQX29zafQ==&uniplatform=NZKPT&language=CHS
59	BDNF基因、同伴关系与青少年早期抑郁：基于动态发展视角	曹衍淼;方惠慈;朱欣悦;纪林芹;张文新	山东师范大学心理学院	2023/7/26 17:58	心理学报	哲学与人文科学	心理学	期刊	0	1028	青少年抑郁; BDNF基因; 同伴拒绝; 年龄差异; 潜变量增长模型	"青少年抑郁是遗传基因与环境动态交互作用的结果,但是现有研究忽视了抑郁遗传效应的发展动态性。本研究通过对1086名青少年(平均年龄12.32,50%女生)进行3年的追踪,分别从遗传效应的年龄差异以及遗传效应影响抑郁发展轨迹的角度,考察BDNF基因与同伴关系对青少年抑郁的动态影响。结果显示：(1)在3个时间点上,BDNF基因与同伴拒绝交互影响青少年抑郁,但其作用模式存在年龄差异：12岁时,MetMet基因型携带者对环境敏感性高于ValMet基因型携带者;13岁时,MetMet和ValVal基因型携带者对环境的敏感性均高于ValMet基因型携带者;14岁时,ValVal基因型携带者对环境的敏感性高于ValMet基因型携带者。(2)青少年早期抑郁呈线性增长趋势,但是抑郁初始水平与增长速度无关。(3) BDNF基因与同伴拒绝交互预测青少年抑郁的初始水平,相比ValMet基因型,携带MetMet基因型的青少年在经历同伴拒绝后抑郁初始水平更高。(4) BDNF基因显著预测青少年抑郁增长速度,相比ValMet基因型携带者,携带MetMet和ValVal基因型的青少年抑郁增长速度更快。"	https://kns.cnki.net/kcms2/article/abstract?v=z-q19lQZUWGHicDGeMY9CYA8-O6vZONEGXqETXcw0dVI_bjnVyOA-qNldTx368VJ2TI18JudnU3VPHSanLb2sKmWAlfoiE4JR6wDg6cWuyeS62Ghmb3zejRtKV654GyJhZwd4C7pD9JnZC49jNxekQ==&uniplatform=NZKPT&language=CHS
60	农村回流青少年抑郁焦虑症状与体力活动相关因素分析	谢芹;葛美琴;李华;徐佳丽;宋永晶	1. 赣州师范高等专科学校体育系2. 哈尔滨体育学院研究生院3. 南昌工学院体育学院4. 东北石油大学(秦皇岛分校)体育部5. 上饶师范学院体育学院6. 长江大学教育与体育学院7. 三峡大学体育学院	2023/7/21 9:23	中国学校卫生	医药卫生科技	儿科学;精神病学	期刊	0	284	抑郁; 焦虑; 运动活动; 回归分析; 精神卫生; 青少年	"目的 了解农村回流青少年抑郁焦虑症状及其与体力活动相关因素的关联，为开展抑郁焦虑症状的干预提供参考。方法 于2020年4―6月，采取随机整群分层抽样法从上饶市6个县选取3 495名中学生为研究对象，运用患者健康问卷(PHQ-9)和广泛性焦虑量表(GAD-7)分别评估抑郁焦虑症状，使用国际体力活动调查问卷评估其1周体力活动情况。采用χ2检验和Logistic回归分析回流与非回流及总体青少年抑郁焦虑症状与体力活动相关因素的关联强度。结果 农村回流与非回流青少年抑郁、焦虑症状发生与“就读类型”“家庭经济情况”“父亲职业”“母亲职业”“每周体育课次数”“每周体力活动水平”均相关(χ2值分别为78.21,16.56,135.44,107.75,7.10,8.62;97.94,24.26,124.07,90.36,9.60,8.34,P值均<0.05)。多因素Logistic回归分析显示，农村回流与非回流及总体青少年“是否抑郁”与“每周体育课次数”有相关性(非回流青少年，2次，OR=1.22,95%CI=1.01～1.49;回流青少年，1次，OR=1.85,95%CI=1.06～3.23;总体，1次，OR=1.34,95%CI=1.01～1.77,2次，OR=1.20,95%CI=1.01～1.43);回流青少年“是否焦虑”与“每周体育课次数”有相关性(1次，OR=2.10,95%CI=1.21～3.63)(P值均<0.05)。结论 每周低频次体育课可能是农村回流青少年抑郁或焦虑症状发生的影响因素。农村中小学应适当增加体育课程数量或安排体育延时课，以促进青少年心理健康发展。 "	https://kns.cnki.net/kcms2/article/abstract?v=z-q19lQZUWF3WGCELWvSnlhCPjlVqsR_LZwzA8ZJ0s89yMsWGdG8R2-3Fz-m9mJIcYTC4bumyfoF57Rjart7MmgRWBR27uiNnBCvCbrg8pzD0f9gtX9WZFCcDjHqpdBe1r1ZHW3UxLgl5VBN5_Mcaw==&uniplatform=NZKPT&language=CHS
61	混合性焦虑抑郁障碍青少年同伴关系对孤独感的影响：睡眠质量和心理弹性的链式中介效应分析	贺云铃;王冬雪;张耀文;廖容;任凯	1. 哈尔滨医科大学护理学院2. 宜宾市第二人民医院四川大学华西医院宜宾医院心血管内科南区3. 宜宾市第二人民医院四川大学华西医院宜宾医院营养科4. 大庆市第三医院儿童青少年心理单元	2023/7/20	神经疾病与精神卫生	医药卫生科技	儿科学;精神病学	期刊	0	315	混合性焦虑抑郁障碍; 同伴关系; 孤独感; 睡眠质量; 心理弹性; 链式中介效应	目的 探讨睡眠质量和心理弹性在混合性焦虑抑郁障碍（MADD）青少年同伴关系与孤独感中的作用。方法 采用方便抽样法，选取2020年9月至2021年6月在大庆市第三医院青少年心理门诊就诊或住院的265例MADD青少年为研究对象。采用儿童青少年同伴关系量表、美国加州大学洛杉矶分校（UCLA）孤独感量表、青少年心理韧性量表（RSCA）、匹兹堡睡眠质量指数（PSQI）进行调查。采用Pearson相关分析MADD青少年同伴关系、孤独感、睡眠质量、心理弹性之间的相关性。采用SPSS PROCESS宏程序中的模型6进行中介效应检验。本研究共发放问卷280份，回收有效问卷265份，有效回收率为93.00%。结果 MADD青少年的儿童青少年同伴关系量表得分为（59.69±12.93）分，UCLA孤独感量表得分为（56.49±10.83）分，RSCA得分为（67.68±15.72）分，PSQI得分为（10.31±3.92）分。MADD青少年中睡眠质量与同伴关系、睡眠质量与孤独感、同伴关系与孤独感呈正相关（r=0.49、0.50、0.76;P<0.01），心理弹性与同伴关系、孤独感、睡眠质量呈负相关（r=-0.65、-0.69、-0.47;P<0.01）。心理弹性在MADD青少年同伴关系与孤独感间起部分中介作用，中介效应包含同伴关系-睡眠质量-孤独感、同伴关系-心理弹性-孤独感、同伴关系-睡眠质量-心理弹性-孤独感共3条路径，各路径的效应值分别占总效应值的6.94%、21.73%和3.93%，总间接效应占总效应的32.59%。结论 同伴关系除直接影响MADD青少年的孤独感外，还分别通过睡眠质量与心理弹性的中介作用、睡眠质量和心理弹性的链式中介作用产生间接影响。 	https://kns.cnki.net/kcms2/article/abstract?v=z-q19lQZUWGZ6HV2wetxqvSsWu6qbxS8MSJI1EZdPPFe6tP0oG7t4NLmFem91ScMW2_m39qCaSy9I7pfFN1slsZVFYMa3OMhcgipDLaGLA3uTan9ftkWGapdoH5DVb_iD9aYqMKYoS18uWJUfSISLQ==&uniplatform=NZKPT&language=CHS
62	中国10～24岁青少年1990―2019年抑郁症疾病负担变化趋势及预测	杨丽	曲阜师范大学教育学院潍坊医学院管理学院	2023/7/19 17:24	中国学校卫生	医药卫生科技	儿科学;精神病学	期刊	1	659	抑郁症; 患病代价; 回归分析; 发病率; 青少年	"目的 分析中国1990―2019年10～24岁青少年抑郁症疾病负担变化趋势及对未来发展进行预测，为青少年抑郁症防治提供理论依据。方法 利用2019年全球疾病负担数据库，通过发病率和伤残调整寿命年(disability-adjusted life years, DALYs)率两个指标，采用Joinpoint回归模型分析中国1990―2019年10～24岁青少年抑郁症疾病负担的变化趋势，利用R软件建立ARIMA时间序列模型，对中国10～24岁青少年抑郁症2020―2029年发展趋势进行预测。结果 1990―2019年中国10～24岁女生抑郁症患者每年发病率和DALYs率均高于总体和男生，20～24岁年龄段每年发病率、DALYs率均高于15～19和10～14岁，差异均有统计学意义(P值均<0.05)。通过Joinpoint回归分析得出10～24岁青少年抑郁症发病率总体呈下降趋势，年均下降速度为1.61%(t=-10.53,P<0.05);10～24岁男生和女生抑郁症发病率总体均呈下降趋势，年均下降速度分别为1.18%(t=-5.79),1.79%(t=-11.84)(P值均<0.05),女生整体下降速度大于总体和男生。1990―2019年中国10～14岁青少年抑郁症发病率总体变化趋势无统计学意义(AAPC=-0.28,P>0.05),15～19岁、20～24岁青少年抑郁症发病率总体均呈下降趋势，年均下降速度分别为1.43%(t=-12.05),1.90%(t=-24.92)(P<0.05)。ARIMA模型预测结果显示，10～24岁青少年抑郁症发病率和DALYs率在2020―2029年继续呈下降趋势。结论 女生和20～24岁是中国10～24岁青少年抑郁症防治重点关注的对象。应从青少年成长的大环境和微环境入手，采取积极有效措施防治青少年抑郁症的发生。 "	https://kns.cnki.net/kcms2/article/abstract?v=z-q19lQZUWG4vxqsSbCHTlzfeIPSMLBRIwux81cbHZRlFtLA2vgrSpUfxZLpazpWrN4sddeMzIQUfnjFTKKN37qdE82vaa-wlZyZWTbcAiumuX8cQYRjqS33VKKbObsg9zAe61lndxA28oTO0e_Zhw==&uniplatform=NZKPT&language=CHS
63	学校开展学生抑郁症筛查父母可接受性问卷的编制	吴霈霈;黄文娟;周艺;丁文琴;孙莹	1. 安徽医科大学公共卫生学院儿少卫生与妇幼保健学系2. 出生人口健康教育部重点实验室/人口健康与优生安徽省重点实验室	2023/7/19 14:48	中国学校卫生	医药卫生科技;社会科学Ⅱ辑	精神病学;教育理论与教育管理	期刊	0	154	抑郁症; 法定监护人; 咨询; 学生	"目的 通过德尔菲法编制《学校开展学生抑郁症筛查父母可接受性问卷》,为进一步促进学校开展青少年抑郁筛查提供依据和建议。方法 包括文献检索和2轮德尔菲专家咨询，通过文献循证初步确定问卷维度和条目。共邀请12位来自全国6个省市的专家参与德尔菲专家咨询，就问卷维度的重要性、问卷条目的重要性与可行性进行意见征询，最终确定问卷的维度与具体条目。结果 2轮专家回复率均为100%。专家一致性检验系数W=0.22(χ2=63.72,P<0.01),提示专家意见具有较高一致性。问卷初稿包括父母对学校开展学生抑郁筛查的认知、对学校开展抑郁筛查结果的反馈与管理认知、对抑郁筛查总体态度、心理健康服务使用4个维度共17项具体条目。通过2轮专家咨询后，最终问卷包括3个一级维度(父母对抑郁症状的相关认知、父母对学校开展抑郁症状筛查的态度和心理健康促进行为)、4个二级维度(父母抑郁症状知识知晓情况、父母对学校抑郁症状筛查的态度、父母对学校抑郁症状筛查的选择偏好和心理健康促进服务的利用情况),共25项具体条目。结论 编制的问卷用于评估父母对学校开展抑郁症状筛查可接受性及影响因素，可为心理健康服务提供者后续筛查项目的实施提供支持证据，但仍需要进一步的实证研究。 "	https://kns.cnki.net/kcms2/article/abstract?v=z-q19lQZUWG4vxqsSbCHTlzfeIPSMLBRIwux81cbHZRlFtLA2vgrSpUfxZLpazpWqPb2iHgwzcQwcMXm1jtMpr5-RzzgSdeZeVU-0itzy-Df1gT_Zol2ZcKTp2pn8WKXyKF4sPPVwLJxdKOfc_wTJA==&uniplatform=NZKPT&language=CHS
64	社会工作介入青少年抑郁的研究――基于个案管理模式的应用分析	刘英为;黄金燕	湖北文理学院政法学院	2023/7/15	湖北文理学院学报	医药卫生科技;社会科学Ⅱ辑	儿科学;精神病学	期刊	0	422	社会工作; 青少年抑郁; 个案管理模式	青少年抑郁群体具有“引发原因复杂、需求多元、表现综合”的新特征，且以传统的个案通用模式难以解决。文章通过具体的实务案例，基于生态系统理论视角，运用个案管理模式介入青少年抑郁患者自身及所在的社会环境系统，旨在协助青少年抑郁患者获得友好的康复环境。跟进服务中使用漏斗式工具具体化案主需求，应用外化等技巧，将青少年自身与抑郁问题分开，进而激发青少年抑郁患者的能量以应对抑郁，达到较好康复水平，为社会工作者介入青少年抑郁患者提供实务借鉴。	https://kns.cnki.net/kcms2/article/abstract?v=z-q19lQZUWGt4r_klp74ETOv8TfmRI9XQgWhjKUfeKWB7JtEtZRB7KZGbdnxVaXd2LKuczLe_sjiTJjHGR5hydOr8waqQEpRoZ4iPYpuyxHsEaYFHJmmHJ1DHmrHqbS2-RTzRmUlTeHVOcRgJXdHhA==&uniplatform=NZKPT&language=CHS
65	专科护理平台对青少年突发性耳聋患者焦虑、抑郁情绪的影响	潘亚琴	常州市第三人民医院	2023/7/15	名医	医药卫生科技	临床医学	期刊	0	5	专科护理平台; 青少年; 突发性耳聋; 焦虑; 抑郁; 遵医行为	目的：分析专科护理平台对青少年突发性耳聋患者焦虑、抑郁情绪的影响。方法：选择2020年1月至2021年12月在本院接受治疗的40例青少年突发性耳聋患者进行分析，按照护理差异分为对照组和观察组，各20例。对照组实施常规护理，观察组实施专科护理平台，比较两组患者的焦虑、抑郁情绪及遵医行为。结果：干预前两组患者的焦虑、抑郁情况并无明显差异（P>0.05），干预后观察组患者的焦虑、抑郁情况明显低于对照组（P<0.05）。观察组患者的遵医行为高于对照组（P<0.05）。结论：专科护理平台可以在短期内通过一系列有效方式来改善青少年突发性耳聋患者焦虑、抑郁等心理情绪，改善耳聋患者的预后，并可提高患者遵医行为。	https://kns.cnki.net/kcms2/article/abstract?v=z-q19lQZUWEYfRQqxUx1adShgU4CoHScKq9dJNPW3duBEk4904WnUMM_KYzVzpalYnnsCIM_9ecSprYAmI3--8ITMin3Som2e5oN3Dry48E-sGje5RuCCAhVAGAPbCVdLnTHNm_JZnY=&uniplatform=NZKPT&language=CHS
66	别让青少年抑郁成为难以言说的痛！	赵欢	民安精神康复医院	2023/7/15	青春期健康	无	无	特色期刊	0	7	无	<正>一、什么是抑郁症抑郁症是一种精神心理疾病，是抑郁障碍的典型情况，表现为情绪持续性低落、兴趣降低、思维迟缓、自责自罚、失眠等症状，多合并各种躯体症状，严重时甚至出现自残、自杀等行为。二、抑郁症的发生原因有哪些引起抑郁症的原因比较复杂，主要包括以下几方面。心理因素：性格内向、不喜欢社交、情绪容易波动、容易紧张、对自身要求高的人群更容易发生抑郁症。	https://kns.cnki.net/kcms2/article/abstract?v=z-q19lQZUWEYfRQqxUx1adShgU4CoHSch8-d1kLOoROh1ygsF_yLCnBg0XZ1k2ft_lIDWPJUKiqUB3fvYSugHTCvifaCYKLOdVqVgeOfrDz7EtmeSqttcE57RTtAhXiLyO2VQhxnegg=&uniplatform=NZKPT&language=CHS
67	那些曾深陷抑郁的青少年长大后怎么样了？	李秀莉		2023/7/13	科学大观园	无	无	特色期刊	0	17	无	<正>那些青少年时期得抑郁症的患者，长大之后怎么样了？他们是否会遇到新的机遇，获得新生？还是被困在一个延续的问题中，但因为进入不同的人生阶段，问题也因此不同？不久前，我们刊登了一篇特殊来稿，《一个抑郁的“尖子生”决定去读大专》。文章的作者兜兜曾是一名传统应试教育体系中的尖子生，初三那年，高压的学习环境和对“好成绩”的不断追逐最终压垮了她，兜兜被诊断为重度抑郁症。幸运的是，从原来的学校环境脱离出来后，凭借着高中时期对计算机的兴趣，	https://kns.cnki.net/kcms2/article/abstract?v=z-q19lQZUWF3SZTO3GoZ9zleznI50wTJsrdKRbD_-RDhs4wsH9BFmNhQGqlf3__E35fMhzvG_YrOE6g6umnEanBoBdGFZuskhmLPesf_yumJR136pIQWRqweQUyPSZWoPIc6Hp-tHxBeWuZkujIIbQ==&uniplatform=NZKPT&language=CHS
68	共谋与失序：青少年抑郁的“泛疾病化”	刘超	四川大学公共管理学院	2023/7/10	社会科学文摘	无	无	期刊	0	156	无	<正>研究背景青少年是国家的未来和民族的希望，保持身心健康是实现青少年高质量发展的关键。国家对青少年心理健康高度重视，不仅将其纳入“健康中国”战略之中，而且出台了一系列政策文件。2021年7月发布的《教育部办公厅关于加强学生心理健康管理工作的通知》，明确提出“做好心理健康测评工作”。青少年抑郁是影响青少年身心健康的主要心理问题之一。抑郁通常被认为是一种低落的情绪状态，也可发展为一种严重的情感障碍。笔者认为，现阶段对青少年抑郁的认知和诊断可能存在“泛疾病化”问题，即在抑郁的介入过程中简单地视其为疾病，所采用的诊断、治疗措施可能超越抑郁患者本身的需要，存在有损青少年身心健康的介入行为。这种泛疾病化倾向忽视了青少年抑郁产生的社会结构性成因，不利于青少年心理状态的改善与康复，并对青少年的学习、家庭生活等造成较为严重的负面影响。	https://kns.cnki.net/kcms2/article/abstract?v=z-q19lQZUWF3SZTO3GoZ9zleznI50wTJp3D-l4OoyPA9Q3I8qOKN_fdI-eYsSSic5VBFfcUy9zIUlbAfsa7wxvD3RTtr3Fu2Vjnr5VQbgxOOvTXVcRgIU5bYeWZxgGeeWe9TDRTeDNsZu1JpZRgdLw==&uniplatform=NZKPT&language=CHS
69	心境困扰对伴有非自杀性自伤行为的青少年抑郁障碍患者自杀意念的影响	周欣;邹宏宇;周勇杰;王杰思;梁	"1. 中国地质大学(武汉)心理科学与健康研究中心2. 深圳市康宁医院,深圳市精神卫生中心3. 华南师范大学心理学院4. 中国科学院心理研究所5. 深圳大学生物医学工程学院健康科学中心,广东省生物医学信息检测与超声成像重点实验室6. 苏州大学医学部7. 苏州大学附属广济医院"	2023/7/10	医学与社会	医药卫生科技	儿科学;精神病学	期刊	0	418	心理健康; 抑郁障碍; 非自杀性自伤行为; 心境困扰; 自杀意念; 青少年	"目的:探讨心境困扰对伴有非自杀性自伤行为(non-suicidal self-injury, NSSI)的青少年抑郁障碍患者自杀意念的影响，为伴有NSSI的青少年抑郁障碍患者自杀意念的评估与干预提供参考。方法:选取我国9个省份20家医院的621例伴有NSSI的青少年抑郁障碍患者作为调查对象，采用心境困扰量表、Beck自杀意念量表、压力心态量表以及多维感知社会支持量表对其进行问卷调查。结果:心境困扰与自杀意念呈显著正相关(P<0.01),与压力心态、感知社会支持呈显著负相关(P<0.01)。心境困扰对自杀意念的直接效应显著，感知社会支持在心境困扰和自杀意念间的中介效应显著，压力心态和感知社会支持在心境困扰和自杀意念间的链式中介效应显著(95%CI均不包含0)。结论:心境困扰对伴有NSSI的青少年抑郁障碍患者的自杀意念具有预测效应，这种效应机制通过心境困扰对自杀意念的直接效应、感知社会支持的中介效应以及压力心态和感知社会支持的链式中介效应体现。"	https://kns.cnki.net/kcms2/article/abstract?v=z-q19lQZUWGhNMb2q6LHWxGyfxoiYj1olpCKYhBKjkzxJDgVlSvPuKBmrPf5gDSlyC6qhpLlv71iGE6ExIlDc4r0ZHDJVYeLmepUtG0p5CjotnD01s5Pa1mEk3q8p55nhpB67KSxuI7GRDvySAHNcQ==&uniplatform=NZKPT&language=CHS
70	如何做好青少年抑郁症的家庭护理？	滕秀菊	同济大学附属精神卫生中心	2023/7/5	华东科技	无	无	期刊	0	62	无	<正>近期胡某宇失踪案引起轩然大波，结局令人惋惜痛心。青少年自杀问题越来越被关注，抑郁症是青少年致残、自杀的最大危险因素之一，自杀是青春期常见的第二死亡原因。[1]抑郁症的发生原因比较复杂，目前不能明确的阐明，	https://kns.cnki.net/kcms2/article/abstract?v=z-q19lQZUWFx6jeOlDfxPjfbLGIa6kWKRxJmt0QHqDSybyisrQF9tJpcr2376PQaOKnJd1Hluex4NAcdB3Ngw35ku91RUrEabhieuBam-EF46zrMS6jLJWRtLl1h_IU27SYekToPet1tTSsQC3rnYg==&uniplatform=NZKPT&language=CHS
71	学校有效应对青少年抑郁倾向的探索	罗剑辉	佛山市南海区石门实验学校	2023/7/5	广东教育(综合版)	无	无	特色期刊	0	22	无	<正>抑郁倾向是青少年面临的最主要和常见的心理健康问题之一。目前，处在初中阶段的青少年抑郁倾向呈现上升趋势，严重影响了学生的正常学习和生活。在此背景之下，探索有效应对青少年抑郁倾向的措施就显得尤为重要。本文以佛山市南海区石门实验学校的心育探索历程为例，探讨心理健康教育方面的校本实践。	https://kns.cnki.net/kcms2/article/abstract?v=z-q19lQZUWFx6jeOlDfxPjfbLGIa6kWKs7RU8NsVWjt3fe8iBvR3RP26LzahXKTw_s9mFF6F9awkdiuwl3S4PD2k___p-wcSAwhfJURBmfYQnWLXl35y9dnnciOxu7pJHGodKM4Aa1gUGmc12KCU8A==&uniplatform=NZKPT&language=CHS
72	青少年抑郁障碍患者皮质醇水平与中医证候相关性研究	詹雯洁;骆利元;汪琦;刘兰英	1. 浙江中医药大学第二临床医学院2. 浙江省立同德医院3. 上海市精神卫生中心・上海市中医神志病研究所	2023/6/30 16:32	世界科学技术-中医药现代化	医药卫生科技	中医学	期刊	0	278	抑郁障碍; 皮质醇; 中医证型; 青少年	"目的 分析青少年抑郁障碍患者血浆皮质醇（Cortisol,COR）分泌水平与中医证型间的相关性。方法 本研究纳入分析2021年4月―2022年4月浙江省立同德医院的住院青少年抑郁患者60例的血浆皮质醇水平。抽取检测患者同日8:00、16:00、24:00的血浆皮质醇，并由两名精神专科的中医医师对患者的中医证型进行诊断，探讨抑郁症障碍患者的中医证型与血浆皮质醇水平之间是否存在相关性。数据统计分析选择SPSS 25.0软件。结果 本研究纳入的60例抑郁障碍患者，表现出更高血浆皮质醇水平的中医证型为肝郁气滞证、心脾两虚证；抑郁障碍患者血浆皮质醇水平与中医证型具有相关性（P<0.05）。结论 多数抑郁障碍患者血浆皮质醇检测提示皮质醇水平升高，且患者血浆皮质醇水平与中医证型分布之间存在相关性，肝郁气滞证、心脾两虚证的抑郁患者皮质醇升高更为明显。"	https://kns.cnki.net/kcms2/article/abstract?v=z-q19lQZUWHanUhVYB-gRLu0baXncsFMp_H5uFZK4QxMZP2dlKHqMWrZhxXTN6dHrFJ2Vlf0kUdWdln7zhyu20z89b8r5681xGJ2DtoQjXNgTkAaQFWRtMGMCk5jaUh8eRv2_1Xfp40OrYuj-pxsFw==&uniplatform=NZKPT&language=CHS
73	色彩缓解青少年抑郁群体的探索――以海南大学为对象	陈根	海南大学	2023/6/30	海南大学	哲学与人文科学	美术书法雕塑与摄影	硕士	0	41	抑郁症; 青少年; 色彩缓解; 包装设计; 服装色彩	"我国青少年的心理健康情况不容乐观,抑郁心理症状较为突出。青少年是心理和身体发展的一个特殊的人群,他们身体快速发育、学习压力增大、负面事件、人际关系日趋庞杂等同时发生,是各种负面问题的敏感期和高发期。论文旨在研究色彩缓解青少年抑郁症,通过艺术设计的方法达到缓解的可行性。以海南大学青少年抑郁学生为例,从家庭学习学校分析其抑郁原因,梳理青少年抑郁症患者心理行为特征,再以色彩偏好相关理论及色彩心理学理论基础,通过对海南大学青少年抑郁群体线上线下的调研结果分析,进行青少年抑郁群体色彩偏好实验,准确的得出青少年抑郁患者其喜欢的色彩,以此为依据形成设计实践,为青少年抑郁群体设计出缓解的色彩及应用。通过论文调研与设计实践,从艺术设计到心理医学跨学科研究,使艺术设计能更直观、形象、可触的与各学科融合,为青少年心理健康教育工作提供切实可行的理论支持及我国青少年心理健康教育的完善提供有价值的信息。"	https://kns.cnki.net/kcms2/article/abstract?v=z-q19lQZUWHanUhVYB-gRLu0baXncsFMhsKa9UzM26ffOrAKT0NOElU4pp53MeE6YjnH7c6ga7jsmD6MPNIct_54bJ65jJ-CWUuj-ysHm-XVDiHwsHZgIrOz3Sy7DKIGX0DdZa0EdifzUHjLpR284A==&uniplatform=NZKPT&language=CHS
74	频繁噩梦、噩梦困扰与青少年精神障碍患者抑郁症状的关系	王子阳	山东大学	2023/6/30	山东大学	医药卫生科技	儿科学;精神病学	硕士	0	4	胡蕾; 刘金同	无	https://kns.cnki.net/kcms2/article/abstract?v=z-q19lQZUWEhYtLusT5omRRZ6UzdH99cp-fqIsP4kpVgXqaRRttyYDJ9t3J2v4YM3uauUvBGQnH1ix4qgbecX8ndGUdYrOqcFCHcJ6_8DYJSlW1qWa9SOTv0PlpqWBrpSV8L0sQHLzoPbcUd4YwFhQ==&uniplatform=NZKPT&language=CHS
75	相貌负面身体自我对青少年抑郁的影响：社交焦虑和注意偏向的序列中介作用	闫星宇	信阳师范学院	2023/6/30	信阳师范学院	哲学与人文科学;社会科学Ⅱ辑	心理学;教育理论与教育管理	硕士	0	2	孙天义; 陆红	无	https://kns.cnki.net/kcms2/article/abstract?v=z-q19lQZUWEhYtLusT5omRRZ6UzdH99cp-fqIsP4kpVgXqaRRttyYI6AIO5zgZQmPgrq02Ptx693Q4-nLDWaw7rxQbYHsi-ucZ64Qrd--ovgs5WUW4-mV0X5rluS6T-yLWz9Xm6MViVibbR73KWY8A==&uniplatform=NZKPT&language=CHS
76	伴与不伴NSSI行为的青少年抑郁障碍患者临床特征及应对方式比较	刘茜	山东大学	2023/6/30	山东大学	医药卫生科技	儿科学;精神病学	硕士	0	0	寻广磊	无	https://kns.cnki.net/kcms2/article/abstract?v=z-q19lQZUWEhYtLusT5omRRZ6UzdH99cp-fqIsP4kpVgXqaRRttyYPj-QyEGOqVCTjm71AL0owLmH-Hptkm-8HT9UnViCuOMl4hJHR6SNMqPdeqK9Cfec5cXfcXBLOYK_ZnQ935Vp5o9CJsibBJi9w==&uniplatform=NZKPT&language=CHS
77	疫情背景下青少年抑郁的发展轨迹及其影响因素分析	王敏	江西师范大学	2023/6/30	江西师范大学	哲学与人文科学	心理学	硕士	0	0	李小山	无	https://kns.cnki.net/kcms2/article/abstract?v=z-q19lQZUWH0X_-rwnR9g6V5sln3NHy01xBYMqqz6xZcMdwBUSj4xgJIuiIw2TLX4FdwS1XoXuamrq0dpXgdVvclZ5B7C-qCEz705va2C8EKdaL_pwN2y20jSEEEUnDLtrK6zdWpKm-jENkV7JfV5Q==&uniplatform=NZKPT&language=CHS
78	性别角色冲突对青少年抑郁的影响:家庭亲密度和自尊的链式中介作用	徐凯	洛阳师范学院教育科学学院	2023/6/28	心理月刊	医药卫生科技;哲学与人文科学;社会科学Ⅱ辑	心理学;教育理论与教育管理	期刊	0	165	青少年; 性别角色冲突; 抑郁; 家庭亲密度; 自尊	"目的 探讨青少年的抑郁状况以及家庭亲密度和自尊在青少年性别角色冲突与抑郁间的链式中介作用，为提高青少年心理健康水平提供依据。方法 2022年3～4月在河南某地区中学中采用整群抽取的方式选取被试，完成人口学特征调查表、简版流调中心抑郁量表、性别角色冲突量表、家庭亲密度量和自尊量表，获得有效数据1 152份。结果 性别角色冲突显著正向预测抑郁（β=0.125,P<0.001），并通过家庭亲密度的部分中介作用（effect=0.006）、自尊的部分中介作用（effect=0.024）以及家庭亲密度和自尊的链式中介作用（effect=0.002）对抑郁产生显著影响，中介效应分别占总效应的5.04%、19.44%和1.52%。结论 提高家庭亲密度和自尊有助于消除性别角色冲突所导致的青少年抑郁症状。"	https://kns.cnki.net/kcms2/article/abstract?v=z-q19lQZUWH0X_-rwnR9g6V5sln3NHy0xhljwnvf0kCB5gDt0n1mRwrbsgEuYuO7IVd6ODBnZPInNjWbwxIjfhdA9M-gWS31bahhoYzj5TzPxmOxlfb-ZvbTofnOHeZs7VDIcRAOPckkg8pKL3cRIA==&uniplatform=NZKPT&language=CHS
79	青少年校园欺凌与抑郁的心理中介因素综述	唐金晖;赵晓雅;李佳慧	河北师范大学	2023/6/28	心理月刊	医药卫生科技;哲学与人文科学;社会科学Ⅱ辑	心理学;教育理论与教育管理	期刊	0	350	校园欺凌; 抑郁; 反刍思维; 心理弹性; 依恋	近年来，校园欺凌行为屡见不鲜，其中青少年的抑郁问题引起社会各界的普遍关注。为更有效地干预青少年抑郁症状，本文对校园欺凌与青少年抑郁的相关心理中介因素进行综合分析，结果显示自尊、应对方式、压力感、反刍思维、心理弹性等单因素在其中存在显著的中介效应。同时，在欺凌与抑郁间也存在多重中介效应。通过对上述因素的探讨，为青少年抑郁症的干预提供对策。	https://kns.cnki.net/kcms2/article/abstract?v=z-q19lQZUWFN9BLxODu-ebfkcZiLvv0kTRd8RNNqVZVWVpElVJCr8kwD25ozLa6nxyn5zt68QAtENCaowbt__Xt_MF6aEG8KkMS10u5Y6fJc_HUmZt6vCwfbtsPIcbZ7OKsQSgs_kVzk1D7BTreLfg==&uniplatform=NZKPT&language=CHS
80	严重精神障碍患者青少年子女自尊水平与抑郁的关系:认知融合、经验性回避的中介作用	雷华庆;熊艾;代静波	彭州市第四人民医院	2023/6/28	心理月刊	医药卫生科技;哲学与人文科学	儿科学;精神病学;心理学	期刊	0	80	青少年; 自尊水平; 抑郁; 认知融合; 经验性回避	"目的 探讨研究严重精神障碍患者青少年子女自尊水平、认知融合、经验性回避与抑郁之间的关系。方法 对73例严重精神障碍患者青少年子女通过流调用抑郁问卷、认知融合问卷、接纳承诺问卷、自尊量表进行测量，并进行独立样本t检验、相关分析、中介效应检验。结果 自尊水平在性别上男性显著高于女性（t=2.271,P<0.05）。自尊水平、认知融合、经验性回避、抑郁之间两两显著相关；认知融合、经验性回避在自尊水平与抑郁之间有中介作用（c’=-0.951、-0.916,P<0.001）。结论 低自尊的精神障碍患者青少年子女，通过认知融合和经验性回避，增加抑郁严重程度。"	https://kns.cnki.net/kcms2/article/abstract?v=z-q19lQZUWFN9BLxODu-ebfkcZiLvv0kTRd8RNNqVZVWVpElVJCr8kwD25ozLa6nwCbLYkLSWl0PBlSd1g2WUVukAkam1l1Z6kh__1Sy1ooGxPr0OGS4fyFzhAwYTXEuLwh1Xw_-TTDCA_j-fLgvqQ==&uniplatform=NZKPT&language=CHS
81	分级心理护理改善儿童青少年住院患者焦虑抑郁情绪的应用效果评价	赵洪美;田小玉;王俊娜	曹县人民医院	2023/6/28	心理月刊	医药卫生科技	临床医学	期刊	0	51	分级心理护理; 儿童青少年; 住院患者; 焦虑抑郁; 护理效果	目的 分析在儿童青少年住院患者中实施分级心理干预体系对焦虑抑郁情绪的改善作用。方法 抽取2022年1月～2022年12月本院收治的儿童青少年住院患者80例作为研究对象，通过双盲法分入实验组与参照组当中，各40例，参照组实施常规护理，实验组予以分级心理护理，比较两组患者护理前后情绪指标(焦虑情绪、抑郁情绪)、焦虑性情绪障碍评分(躯体化惊恐、社交恐惧、广泛性焦虑、分离性焦虑、学校焦虑)、睡眠质量评分(睡眠质量、入睡时间、睡眠时间、睡眠效率、睡眠障碍、日间功效)、护理有效率。正态计量资料采用t检验，计数资料采用x2检验。结果 比较患者护理前情绪指标、睡眠质量评分、焦虑性情绪障碍评分，显示对比差异不显著(P>0.05)；护理后，实验组的情绪指标、睡眠质量评分、焦虑性情绪障碍评分均比参照组低(P<0.05)；实验组的护理有效率比参照组高(P<0.05)。结论 在儿童青少年住院患者中实施分级心理护理干预体系的效果显著，能改善患者的焦虑、抑郁情绪。	https://kns.cnki.net/kcms2/article/abstract?v=z-q19lQZUWGaI0ZBrWjTd1Zi-bv5rePxeDbH-z0B-RHlfm0yE9t9t9NPkXnRjzb_4rlJaIGm6khJqYZ-uq56sXszssQYHMeGtx9XSbIUEhUPSqm6gKfe6wVa_py_cuRM4JwerzJ-538xEbq5hlIHEA==&uniplatform=NZKPT&language=CHS
82	抗抑郁药治疗伴自杀意念的青少年抑郁症患者的甲状腺激素水平 网络首发	张佳俐;王小泉;徐慧;王祖森;汪莲籽	1. 安徽省芜湖市皖南医学院2. 芜湖市第四人民医院	2023/6/26 12:03	上海预防医学	医药卫生科技	儿科学;精神病学	期刊	0	220	青少年; 抑郁症; 自杀意念; 甲状腺激素; 抗抑郁药	【目的】 比较伴与不伴自杀意念青少年首发抑郁症患者的甲状腺激素水平差异，探讨甲状腺激素与其自杀意念间关联性及抗抑郁药治疗变化。【方法】选取2020年9月―2022年7月精神专科医院100例首发抑郁症青少年患者，将100例患者依据自杀意念量表（SIOSS）列为非自杀意念（n=52）和自杀意念组（n=48）。比较两组在一般人口学资料、促甲状腺激素（TSH）、三碘甲状腺原氨酸（T3）、甲状腺素（T4）、游离三碘甲状腺原氨酸（FT3）和游离甲状腺素（FT4）水平上的差异、甲状腺激素水平与HAMD-17因子的相关性、抗抑郁药治疗6周后激素水平的变化。【结果】非自杀意念组在FT3、FT4、T4水平上均比自杀意念组高；经抗抑郁药治疗6周后，自杀意念组治疗后的FT3、FT4、T4水平均比治疗前高；男性非自杀意念组的FT3水平比自杀意念组高；女性非自杀意念组的FT4、T4水平比自杀意念组高（均P<0.05）。【结论】伴与不伴自杀意念青少年首发抑郁症患者的甲状腺激素水平上存在差异且伴自杀意念的患者经抗抑郁药治疗后有明显变化。	https://kns.cnki.net/kcms2/article/abstract?v=z-q19lQZUWFob2Ft1d0fX-9pHajDIIB5Q3gh8DBkk_hOBQ6s8_5fi1gvNDikDu4-Z_YFPZGViluQjbMQI8azWmt15P_mmOFDfB8KyJ8FMzIQMmAMEz5MmOUCydkI1QT_qVAey-ecuJs=&uniplatform=NZKPT&language=CHS
83	不同年龄抑郁障碍患者电休克治疗疗效及影响因素分析	王浩;马亚荣;何红波	广州医科大学附属脑科医院	2023/6/25	国际精神病学杂志	医药卫生科技	精神病学	期刊	0	151	抑郁障碍; 电休克治疗; 青少年; 疗效	"目的 对比青少年与成人抑郁障碍患者通过电休克治疗疗效，探究影响电休克治疗的相关因素。方法 入组2019年8月～2022年1月我院符合入组标准的青少年抑郁障碍患者19例和成人组抑郁障碍患者28例。两组患者均通过电休克治疗，分别在首次治疗前和末次治疗结束后24h用汉密尔顿抑郁量表（HAMD）、贝克自杀意念量表（BSI）对治疗效果做评定。结果 青少年组患者女性更多、伴精神病性症状更常见、年龄更小、起病更早、抑郁发作病程更长、精神心理科住院次数更少，差异具有统计学意义（P均<0.05）。两组患者治疗后HAMD、BSI评分均显著降低（P均<0.05）。两组患者治疗后量表评分减分率差异均无统计学意义（P均> 0.05）。无非自杀性自伤行为（OR=9.500,95%CI:1.091-82.725）、男性（OR=7.467,95%CI:1.799-30.994）与电休克治疗疗效有关。结论 青少年抑郁障碍患者和成人抑郁障碍患者通过电休克治疗均能有效改善临床症状及自杀风险，无非自杀性自伤行为和男性是电休克治疗疗效的影响因素。"	https://kns.cnki.net/kcms2/article/abstract?v=z-q19lQZUWGZg1UeFDbQHOvBcTUIsNOs7SwjdYewdEajLAAG6_q8FChXL0Xl1a12cfqzmuPmA_DBlpIpqWi0QZlB2wYZIA4rU2ngLufjmjrnfLoYL21qBbAhXgOZOT_2wmwCnRJx2Iliscab23NbqQ==&uniplatform=NZKPT&language=CHS
84	首发青少年强迫症患者非酶类抗氧化物与血脂水平及伴发焦虑与抑郁症状相关研究	王晓宇;潘淑娟;闫静怡;张雪倩;刘华清	1. 北京回龙观医院北京大学回龙观临床医学院检验科2. 北京回龙观医院北京大学回龙观临床医学院心理科	2023/6/25	中国实验诊断学	医药卫生科技	儿科学;精神病学	期刊	0	97	强迫症; 氧化应激; 非酶类抗氧化物; 血脂; 抑郁; 焦虑	"目的 探讨首发青少年强迫症患者非酶类抗氧化物与其血脂水平及伴发焦虑与抑郁症状的关系。方法 回顾性选取2015年1月至2022年1月于北京回龙观医院进行治疗的87例首发青少年强迫症患者作为研究组，另选取同期56例健康青少年体检者作为对照组。比较两组血清总胆红素(TBIL)、白蛋白(ALB)、尿酸(UA)、总胆固醇(TC)、甘油三酯(TG)、高密度脂蛋白胆固醇(HDL-C)、低密度脂蛋白胆固醇(LDL-C)、载脂蛋白A1(ApoA1)及载脂蛋白B(ApoB)的水平，以分析青少年强迫症患者非酶类抗氧化物和血脂指标表达情况；同时，对研究组进行非酶类抗氧化物(TBIL、ALB、UA)与血脂指标(TC、TG、HDL-C、LDL-C、ApoA1、ApoB)及汉密尔顿抑郁量表(HAMD)和汉密尔顿焦虑量表(HAMA)评分相关分析，以探讨青少年强迫症患者非酶类抗氧化物与其血脂水平及伴发焦虑与抑郁症状的相关性。结果 与对照组比较，研究组TBIL水平明显降低(P<0.01),而ALB、ApoA1、ApoB和ApoB/ApoA1水平明显增高(P<0.05);相关性分析显示研究组TBIL与TG和LDL-C呈负相关(P<0.05),ALB与ApoB/ApoA1呈正相关(P<0.05),UA与HDL-C呈负相关(P<0.05);61例完成HAMD和HAMA量表评分的患者TBIL水平与HAMD总分和HAMA总分均呈负相关(P<0.05)。结论 首发青少年强迫症患者可能存在氧化应激，并且与其血脂水平及伴发焦虑与抑郁症状相关。 "	https://kns.cnki.net/kcms2/article/abstract?v=z-q19lQZUWG3r5-bXp3_2A-LGoF6AiECTfID--zS4jxAlBxGnSN-qTMvitM6ODWfsCgxOyl-ifcTpsqnmgjR1qCpUZmFXujiCTwKVCFuI0Ivr9mgD2HbIegs3gLcrPZ5GvvLV4N5mAy_RKDJLkrP2w==&uniplatform=NZKPT&language=CHS
85	萨提亚家庭治疗对偏远地区抑郁障碍青少年父母负性情绪及疾病负担的影响	卢和丽;徐茜;胡飞虎;郭明;李冠华	南昌大学第二附属医院	2023/6/25	护理研究	医药卫生科技	临床医学	期刊	0	290	抑郁障碍; 青少年; 萨提亚家庭治疗; 焦虑; 抑郁; 疾病负担; 护理	目的:探究萨提亚家庭治疗对偏远地区抑郁障碍青少年父母情绪和疾病负担的影响。方法:选取2021年1月―2021年6月于南昌大学第二附属医院心身医学科门诊治疗的98例抑郁障碍青少年及其父母为研究对象，将其随机分为对照组和观察组，各49例。对照组给予舍曲林100 mg/d治疗及常规健康宣教；观察组在对照组的基础上给予12周线上、线下萨提亚家庭治疗。比较两组青少年父母焦虑、抑郁情绪和家庭疾病负担。结果:干预12周后，两组焦虑、抑郁、对家庭日常生活的影响、对家庭关系的影响和主观家庭负担得分均低于干预前，且观察组低于对照组，差异均有统计学意义（P<0.05）。结论:萨提亚家庭治疗可改善偏远地区抑郁障碍青少年父母焦虑、抑郁情绪，减轻家庭疾病负担。	https://kns.cnki.net/kcms2/article/abstract?v=z-q19lQZUWF-HdPxxjFXmc_Sh419JHrc-xk4YU1wnNdkP-sDbwc4xBNzNWyAW38M7gvc6TG_25hwnx_L5NzZZA362zOubCkRd_MRpzAAgMvzwZtQJ_FW8RowrYEE-HHO73zLKO62bXKsyZXDyhTinA==&uniplatform=NZKPT&language=CHS
86	伴精神病性症状及童年期创伤的重度抑郁发作青少年患者执行功能情况	宋仕琪;刘剑波;闫梦霄;周敏思;高铭	1. 安徽医科大学深圳精神卫生临床学院2. 深圳市精神卫生中心/深圳市康宁医院	2023/6/25	四川精神卫生	医药卫生科技	儿科学;精神病学	期刊	0	119	青少年; 重度抑郁发作; 精神病性症状; 童年期创伤; 执行功能	"背景 有无精神病性症状的重度抑郁发作患者执行功能存在差异，且童年期创伤可能影响重度抑郁发作患者的执行功能，既往研究对象大多为成年抑郁发作患者，缺少对重度抑郁发作青少年患者的相关研究。目的 比较有无精神病性症状及童年期创伤的重度抑郁发作青少年患者执行功能的差异。方法 纳入2020年8月-2021年11月在深圳市康宁医院儿少精神科住院的、符合《国际疾病分类（第10版）》（ICD-10）重度抑郁发作诊断标准的青少年患者共112例，同期通过公开宣传招募健康对照组27例。使用剑桥神经心理自动化成套测试（CANTAB）中的运动控制任务（MOT）、空间工作记忆（SWM）、快速视觉信息处理（RVP）三个任务评定患者的执行功能，采用儿童期创伤问卷（CTQ-SF）评定童年期创伤类型。结果 与健康对照组相比，重度抑郁发作患者MOT任务平均延迟时更长（Z=-3.407,P=0.001）,SWM任务中的组间错误反应总数更多（Z=-3.291,P=0.001）、组内错误反应总数更多（Z=-3.461,P=0.001）、双重错误反应总数更多（Z=-3.218,P=0.001）、错误反应总数更多（Z=-3.312,P=0.001）、策略分数更高（Z=-2.437,P=0.015）以及平均延迟时更长（Z=-2.055,P=0.040）,RVP任务中的击中总数更少（Z=-3.196,P=0.001）、漏报总数更多（Z=-3.179,P=0.001）、拒绝总数更少（Z=-2.772,P=0.006）、击中概率更低（Z=-3.187,P=0.001）以及A’分数更低（Z=-3.070,P=0.002）。与不伴精神病性症状的重度抑郁发作青少年患者相比，伴精神病性症状者SWM任务中的双重错误反应总数更少（Z=-2.566,P=0.010）。相较于未经历过情感忽视的重度抑郁发作青少年患者，经历过情感忽视者MOT任务中的平均延迟时更长（Z=-3.183,P=0.001）,RVP任务中的击中总数更少（Z=-2.445,P=0.014）、漏报总数更多（Z=-2.467,P=0.014）、击中概率更低（Z=-2.445,P=0.014）、A’分数更低（Z=-2.089,P=0.037）。相较于未经历过情感虐待的重度抑郁发作青少年患者，经历过情感虐待的患者MOT任务中的平均延迟时更长（Z=-2.552,P=0.011）。结论 重度抑郁发作青少年患者存在大部分类型的执行功能异常，不伴精神病性症状和伴有童年期创伤的患者执行功能更差。 "	https://kns.cnki.net/kcms2/article/abstract?v=z-q19lQZUWFjAO_2XgX3nVLhDmU61LBdL2YfWIqXewEeEmCoMolgbamwaNpcXj5VGyghdr98PKVZnn4sZuwKrx6APrVIi6Kp_VO5VqYPhKlyZwq8kMRJ-h3CKzxiCON4F20JaWU7xng93i_N82sOow==&uniplatform=NZKPT&language=CHS
87	青少年抑郁发作患者自杀行为态度及其相关因素	赵嘉玮;刘伟;王道金	1. 蚌埠医学院研究生院2. 芜湖市第四人民医院3. 蚌埠医学院精神卫生临床学院	2023/6/25	四川精神卫生	医药卫生科技	儿科学;精神病学	期刊	0	206	青少年; 自杀行为态度; 抑郁发作; 父母教养方式; 网络成瘾	"背景 青少年人群对自杀的态度与其自杀行为高度相关，既往关于自杀态度及其相关因素的研究多聚焦于学校样本，对青少年抑郁发作患者相关临床样本的研究不足。目的 分析青少年抑郁发作患者对自杀行为的态度及相关因素，为这一群体的自杀干预提供参考。方法 连续选取2021年5月-2022年7月芜湖市第四人民医院门诊及住院部符合《国际疾病分类（第10版）》（ICD-10）抑郁发作诊断标准的青少年患者共100例。采用自编一般情况调查问卷收集患者人口学资料，采用汉密尔顿抑郁量表17项版（HAMD-17）、自杀态度问卷（QSA）、父母教养方式评价量表（EMBU）以及网络成瘾量表（IAT）分别评定患者的抑郁症状、自杀态度、父母教养方式和网络成瘾情况。采用Spearman和Pearson相关分析探讨患者QSA中对自杀行为的态度因子评分与一般情况和HAMD-17评分、EMBU评分及IAT评分的相关性。采用多元线性回归分析考查自杀行为的态度的危险因素，绘制ROC曲线评估各因素预测对自杀行为的态度的有效性。结果 青少年抑郁发作患者QSA对自杀行为的态度因子评分与对自杀者的态度因子、对安乐死的态度因子、母亲情感温暖与理解因子评分均呈正相关（r=0.210～0.485,P<0.05或0.01），与父亲受教育程度、近6个月自杀行为、HAMD-17评分、IAT评分、父亲惩罚与严厉、父亲过分干涉、父亲拒绝与否认、父亲过度保护、母亲过分干涉与保护、母亲拒绝与否认、母亲惩罚与严厉因子评分均呈负相关（r=-0.571～-0.290,P<0.05或0.01）。多元线性回归分析显示，QSA对自杀者的态度因子（β=0.198,P<0.01）和对安乐死的态度因子（β=0.302,P<0.01）可正向预测对自杀行为的态度，父亲受教育程度（β=-0.180,P=0.043）、HAMD-17评分（β=-0.366,P<0.01）以及IAT评分（β=-0.191,P=0.030）可负向预测对自杀行为的态度。各因素之间预测效能比较差异均无统计学意义（Z=-1.289～0.092,P均>0.05）。结论 网络成瘾、抑郁严重程度、对自杀者的态度、对安乐死的态度和父亲受教育程度可能影响青少年抑郁发作患者对自杀行为的态度。 "	https://kns.cnki.net/kcms2/article/abstract?v=z-q19lQZUWHdHSQekEPmXmd2PPB1dcL9nNuEZmp2puD7mC_Z2s_jBmbakvKIhuGRvnrtvnv6ZG26z7kglgecCHeeRItP8arI1TOEYcNYkbK0LhYsdpf5vWlzFJIuahrdOdw4cAiT94jPk2PWQuneIg==&uniplatform=NZKPT&language=CHS
88	首次发作的儿童青少年抑郁障碍患者中性粒细胞与淋巴细胞比值和自杀意念的关系	崔舒;刘志伟;刘云;周晓琴;姚高峰	1. 阜阳市第三人民医院2. 安徽医科大学精神卫生与心理科学学院3. 安徽医科大学附属巢湖医院	2023/6/25	四川精神卫生	医药卫生科技	儿科学;精神病学	期刊	0	55	抑郁障碍; 自杀意念; 儿童; 青少年; 中性粒细胞与淋巴细胞比值	"背景 自杀是全球严重的公共卫生问题之一。自杀与中性粒细胞与淋巴细胞比值（NLR）的关系可能在不同地区和不同年龄的人群中存在差异，有必要进一步研究NLR与我国儿童青少年抑郁障碍患者自杀意念之间的关系。目的 探讨儿童青少年抑郁障碍患者NLR与自杀意念的相关性，为探寻自杀的生物学指标提供线索。方法 回顾性纳入2020年1月-2022年12月在阜阳市第三人民医院住院治疗的536例符合《国际疾病分类（第10版）》（ICD-10）诊断标准的儿童青少年抑郁障碍患者，根据患者是否报告存在自杀意念，将患者分为两组。从病历中收集患者的人口学资料、出院诊断以及入院第二天的汉密尔顿抑郁量表17项版（HAMD-17）评分和血液学检验数据（中性粒细胞计数、淋巴细胞计数）。使用受试者操作特征曲线（ROC）测定NLR预测儿童青少年抑郁障碍患者自杀意念的最佳临界点，采用二元Logistic回归分析探索患者自杀意念的危险因素。结果 在536例患者中，无自杀意念者429例（80.04%），有自杀意念者107例（19.96%）。与无自杀意念组相比，有自杀意念组HAMD-17评分更高[（25.28±8.86）分vs.(21.21±8.46)分，F=19.400,P<0.01]，中性粒细胞水平更高[（3.85±1.68）×109/L vs.(3.15±1.14)×109/L,Z=-4.073,P<0.01],NLR更高[（1.96±1.50）vs.(1.52±0.71),Z=-3.532,P<0.01]。ROC曲线确定的最佳临界NLR值是1.52（敏感度为59.80%，特异度为58.50%），曲线下面积为0.610。Logistic回归分析显示，在控制年龄、性别、发病年龄、病程和HAMD-17评分后，高NLR者发生自杀意念的风险是低NLR者的1.94倍（OR=1.940,95%CI:1.251～3.009,P=0.003）。结论 NLR可能是影响首次发作的儿童青少年抑郁障碍患者自杀意念的危险因素及潜在生物标志物。 "	https://kns.cnki.net/kcms2/article/abstract?v=z-q19lQZUWE92InvoHVLnA2Ngh4PxJaHyVQeu10y-KDCPlRAETT6Yb4oZHvbXdnk_kQxLnSWCYBmLamlWycnYT04H2hHPlqvlR_6n8AtFl4Fpg7BsqzhMk0DmvfezFcqmMxZHbap_fuO9jRWdF6BjA==&uniplatform=NZKPT&language=CHS
89	家校协同，预防青少年抑郁――青少年抑郁倾向的影响因素及教育建议	邢泽鹏	辽宁师范大学心理学院	2023/6/21	中小学心理健康教育	无	无	特色期刊	1	245	青少年; 抑郁倾向; 教育建议	青少年时期是个体自我意识和社会化发展的关键期，面临着学业、人际交往等多方面的压力，易引发抑郁倾向。遗传及家庭、学校和社会环境是青少年抑郁的主要影响因素，如父母曾患有抑郁症、家庭氛围不和谐、学业不顺、人际交往受挫等，并从家庭、学校等方面提出了预防青少年抑郁倾向的教育建议。	https://kns.cnki.net/kcms2/article/abstract?v=z-q19lQZUWFygTzPCycoSYMFFnKLHJgxd3JWQ5cS7U0hYdFbI4LUmsv3KltAseEDdSDEX-E0LlHFwAQjUbMNVAAo66Ay1C3Mj9WSnuZibZbS97wz03PV1Cm9CLVKkq41hYj2WyA1D0c9lwTMuIp27A==&uniplatform=NZKPT&language=CHS
90	心安是归处――归属感促进青少年心理健康	林甲针;陈庆锐	浙江省苍南县教师发展中心	2023/6/21	中小学心理健康教育	无	无	特色期刊	0	183	家庭功能; 同伴关系; 社会化水平; 自我价值	近年来，青少年抑郁检出率随着年级的升高而上升，以中小学心理健康教育和家庭教育的实践案例导入，剖析中小学生心理健康状况与归属感的关系：家庭功能缺陷和同伴关系不良均能导致归属感缺失，提高青少年抑郁风险。为提升青少年心理健康状况，提出建设和谐家庭、维护亲子关系、提高社会化水平、勇于接纳自我四项建议，提升归属感，降低抑郁风险。	https://kns.cnki.net/kcms2/article/abstract?v=z-q19lQZUWHG1IJ9R3AAMeBQceXg5VltwoxUoUKrPca2NGoNFlndCNgl69qz9BKkXM5_JZuz0Ay2jE8iCY6pIUiQETwZMFA5PVP5YiXweyObRCfT4EGf5p950tsdVUWAoqR-32E-rw1zAAAJvTPQ_g==&uniplatform=NZKPT&language=CHS
91	生活事件对青少年抑郁的影响：心理控制源和反刍思维的链式中介作用	于海波;陈艳玲;张俊杰;顾琼	安徽中医药大学人文与国际教育交流学院	2023/6/20	济宁医学院学报	医药卫生科技	儿科学;精神病学	期刊	0	380	青少年; 生活事件; 抑郁; 心理控制源; 反刍思维	"目的 探究生活事件和青少年抑郁的关系，以及心理控制源和反刍思维的链式中介作用。方法 采用青少年生活事件量表、心理控制源量表、反刍思维量表和流调中心抑郁量表对1844名青少年进行调查。结果 生活事件与青少年心理控制源、反刍思维、抑郁正相关(r=0.25、0.54、0.47,Ps<0.05);心理控制源与反刍思维、抑郁正相关(r=0.35、0.40,Ps<0.05);反刍思维与抑郁正相关(r=0.62,P<0.05);生活事件不仅能直接预测青少年抑郁(效应值=0.17,效果量=0.33);还能通过心理控制源和反刍思维的链式中介作用间接影响青少年抑郁(效应值=0.03,效果量=0.06)。结论 生活事件不仅直接影响青少年抑郁，还通过心理控制源和反刍思维的链式中介作用间接影响青少年抑郁。"	https://kns.cnki.net/kcms2/article/abstract?v=z-q19lQZUWHMoYPbj5mI9lrEyEL4PPZE1HmgUBILx19w_6ZAWjxBN-nwFiDuk5LodS7lq5sU9Paurbry6j9hTj8kfVjmSgwDo6M8FDqIfSTu6_9XYp3xHauUJIKiqRifGbSefroVQ4IY4yjCVXOSNQ==&uniplatform=NZKPT&language=CHS
92	伴非自杀性自我伤害行为的青少年抑郁障碍患者危险因素分析	李畅;张迎黎	1. 安徽医科大学精神卫生与心理科学学院2. 深圳市康宁医院	2023/6/20	临床精神医学杂志	医药卫生科技	儿科学;精神病学	期刊	0	168	青少年; 抑郁障碍; 非自杀性自我伤害; 危险因素; 住院患者	"目的:探讨青少年抑郁障碍患者发生非自杀性自我伤害(NSSI)行为相关危险因素。方法:回顾性收集269例青少年抑郁障碍患者，将其划分为伴NSSI行为组209例及不伴NSSI行为组60例。收集患者的人口学资料、临床基本信息及儿童抑郁量表(CDI)、儿童青少年多维度焦虑量表(MASC)评分等。筛选出自变量(P<0.05)纳入Logistic回归，分析各自变量与患者NSSI行为的关系。结果:两组年龄、性别、年级、既往疗效、自杀未遂史、伴精神病性症状、CDI评分、MASC评分差异有统计学意义(P<0.05)。Logistic回归分析显示性别、自杀未遂史、既往疗效、抑郁严重程度为青少年抑郁障碍患者NSSI行为的独立危险因素(P<0.05)。在预测青少年抑郁障碍NSSI行为方面，受试者工作特征(ROC)曲线下面积AUC为0.820,95%CI为0.761～0.879,约登指数为0.48,灵敏度为0.938,特异度为0.542。结论:性别、自杀未遂史、既往疗效、抑郁严重程度为伴NSSI行为青少年抑郁障碍患者的独立危险因素，联合各危险因素建立的模型检验效能良好。"	https://kns.cnki.net/kcms2/article/abstract?v=z-q19lQZUWHs_rzn2LIf5h1pEKSKDkA3ZFkiwZS1W3vtW0dPC3T-vyDAA_xVXfTFlz-56zkpAWMl0AZKcOvmOXwWlEB4T-1b80LjWlnSVCdGDbmVG9fBvMWt2D8vVnTu0uZeXPBz9QwOstj4gfAm0g==&uniplatform=NZKPT&language=CHS
93	青少年游戏成瘾共病抑郁症状的心理危险因素研究进展	钟莹彦;从恩朝;徐一峰	1. 上海交通大学附属精神卫生中心国家精神疾病医学中心2. 上海市同济大学附属第十人民医院精神心理科	2023/6/20	神经疾病与精神卫生	医药卫生科技	儿科学;精神病学	期刊	0	196	青少年; 游戏成瘾; 抑郁症状; 家庭干预; 综述	目前，游戏成瘾和抑郁症状在青少年群体中的共同患病率不断上升，但关于两种心理问题的关联及两者共病的危险因素却并不清晰。因此，本文对近年来青少年游戏成瘾共病抑郁症状的研究进展进行综述。患有游戏成瘾的青少年产生抑郁症状的风险更高，还会影响情绪调节与社会功能。青少年游戏成瘾共病抑郁症状的影响因素主要包括自我逃避、父母教养方式和朋辈关系，三者分别与孤独感、自我控制和同伴依恋有关。家庭干预是目前最可行有效的应对策略，建议根据实际情况灵活结合互动型和限制型的干预方式。针对游戏成瘾及抑郁症状青少年的家长课堂建设需侧重于构建亲子关系、积极关注孩子情绪及校园生活等方面，未来研究可进一步明确网络课堂背景下青少年游戏成瘾和抑郁发作的关系，并通过长期随访探索家庭干预的治疗效果。	https://kns.cnki.net/kcms2/article/abstract?v=z-q19lQZUWHQ3TPdRKhsQ0lUXi6VN18EDiaDYfbuDRtfjK8lO5_x2VNCxuNmtS6dIbb8ZZ9NdLLNSvQ9VDpUgkxuVTnY_I5HDHRQlfN3VinAn9T3qu3dMHX5k38NcwV5Pmftm7xl4wb72w_8u5uDzw==&uniplatform=NZKPT&language=CHS
94	《拥抱抑郁小孩》：15个练习带青少年走出抑郁			2023/6/20	格言(校园版)	无	无	特色期刊	0	6	无	<正>有时候，抑郁会在人们不知不觉中显现。抑郁初期，孩子表现出难过、痛苦和一些反常的行为时，往往得不到身边人的理解和重视，很容易被当成是“不值一提的小事”“矫情”“给自己找借口”。当孩子不但得不到帮助，反而被否定、被批评后，他们就很容易把自己包裹起来，不再向父母和朋友求助。这种回避会让抑郁持续并恶化。	https://kns.cnki.net/kcms2/article/abstract?v=z-q19lQZUWGwDejLM-OJVbyuQCxBXjXWZOK-YjsN-xjc5x0yMYj6imtt6zAEHGgD078G7wRcGNupgSw3hC_-wQd_9PDgISAh9ykGDSyMSRgB7-Nby3XFaMPoYlP1mbc6jGyBL_CPRKYqDt9FHPAR2w==&uniplatform=NZKPT&language=CHS
95	青少年环境敏感性的测量：高敏感儿童量表中文版修订及初步应用	董倩;董莹莹;王崴;马现仓	西安交通大学第一附属医院精神心理卫生科	2023/6/15 9:12	西安交通大学学报(医学版)	医药卫生科技	儿科学;精神病学	期刊	0	271	环境敏感性; 体质量指数; 抑郁症状; 青少年; 调节作用	"目的 在中国文化背景下对高敏感儿童量表(Highly Sensitive Child Scale, HSC)进行修订，初步探索青少年环境敏感性对抑郁症状的影响。方法 应用中文版HSC对西安2 166名中学生进行施测，4周后随机抽取609名学生和105名抑郁症患者(14～17岁)采用高敏感儿童量表(HSC)、抑郁情绪量表(PHQ-9)、睡眠时长及学业成绩等工具进行评估。结果 HSC中文版维度结构与原量表一致，探索与验证性因素分析结果支持HSC双因素模型；修订后的中文版HSC总量表α系数为0.892,分半信度系数为0.89,重测信度系数为0.743;抑郁症青少年与健康对照组相比，对环境刺激更加敏感(F=15.1,P<0.01);青少年环境敏感性可调节体质量指数(BMI)与青少年适应的关系。简单斜率分析表明，高环境敏感的青少年，当BMI增高，会产生更多的情绪、睡眠及学业问题。结论 中文版HSC量表具有良好的心理测量学指标，适合作为评估中国青少年环境敏感性的工具。环境敏感性可能是影响青少年抑郁症状的人格因素之一。"	https://kns.cnki.net/kcms2/article/abstract?v=z-q19lQZUWFQIcvpDzW5R_N6vt7sZhQnuYD14N1zLDVDC0UeoQZB74zIC2_d6gahtua5gkfdeK6ISpzgdPn7TptSNUHkG_ehG2bGMvWnqQ_lMjipxvfoOoGEZlgQMSysBByqEhMh4rs2GaA6grNB7g==&uniplatform=NZKPT&language=CHS
96	高、低频重复经颅磁刺激联合舍曲林治疗青少年抑郁症的疗效观察	冯基高	南昌大学	2023/6/15	南昌大学	医药卫生科技	儿科学;精神病学	硕士	0	264	青少年抑郁障碍; 重复经颅磁刺激; 刺激频率	"研究目的:本研究旨在在使用盐酸舍曲林治疗的基础上,比较高频左侧重复经颅磁刺激(r TMS)与低频右侧重复经颅磁刺激对青少年抑郁患者的疗效及其安全性、耐受性,以及它们对甲状腺激素水平的影响,为临床上对重复经颅磁刺激的频率的选择提供依据。研究方法:1.拟选取来自2022年1月1日至2022年12月31日南昌大学第一附属医院心身医学科符合纳入标准的患者102名。将其分为高频、低频治疗组并进行配对。对两组患者均给予盐酸舍曲林治疗,具体剂量由主管医师视病情予以调整。排除脱落患者,最终高频组有患者47例,低频组46例。2.高频组患者刺激点为左侧背外侧前额叶皮层(DLPFC),刺激频率为10Hz;低频组刺激点在右侧背外侧前额叶皮层,刺激频率1Hz。两组患者均按照各自相应的刺激模式每天治疗1次,1周治疗6次,治疗时间为4周,共计24次治疗。3.每位患者填写自编一般人口学情况调查表,于基线期,治疗2周末、4周末进行汉密尔顿抑郁量表24项(HAMD-24),汉密尔顿焦虑量表(HAMA),贝克自杀意念量表(BSS),匹兹堡睡眠指数量表(PSQI)的评估。同时,于基线期、治疗4周末检验每位患者的游离三碘甲状腺原氨酸(FT3),游离甲状腺素(FT4),促甲状腺激素(TSH)水平。同时,观察患者的副反应。4.使用Excel表格录入所得数据,其统计分析用SPSS25.0软件。对于呈正态分布的计量资料,采用成对t检验或重复测量方差分析;计数资料采用卡方检验。检验水准α=0.05。研究结果:1.干预前比较:将高频组、低频组患者的性别构成比、年龄、受教育年限、基线期各量表评分、基线期甲状腺激素水平进行组间比较,结果显示差异均无统计学意义(P>0.05)。2.干预前、后比较:随着时间推移,两组各自的HAMD、HAMA、BSS、PSQI总分及各项因子分总体呈下降趋势,各量表的组内评分在干预后较基线期水平有明显下降(P<0.05);两组各自的FT3、FT4水平在4周末较基线值均有所升高(P<0.05),TSH水平无明显变化(P>0.05)。3.干预后比较:两组各量表的组间评分在治疗2周末及4周末均无显著差异(P>0.05);治疗4周末两组甲状腺激素水平相比亦无统计学差异(P>0.05)。4.差值比较:对两组进行组间比较,除HAMA的“基线期-2周末”差值具有统计学差异(P<0.05)外,其余各项差值均无统计学差异(P>0.05)。5.两组不良反应发生率相比无统计学差异(P>0.05)。结论:1.高频左侧r TMS与低频右侧r TMS分别联合舍曲林的治疗方案对青少年抑郁症状、焦虑症状、自杀意念、睡眠质量均有显著的改善作用,且两种刺激模式疗效相近。2.高频左侧r TMS与低频右侧r TMS分别联合舍曲林的治疗方案安全性肯定、不良反应轻微,且二者之间安全性及耐受性相比并无显著差异。3.青少年抑郁患者FT3、FT4水平经干预后有所改变,它们对症状严重程度及患者预后可能具有一定的预测作用。 "	https://kns.cnki.net/kcms2/article/abstract?v=z-q19lQZUWH-JgMIrLKRizcZ4540oZkZOBWtqDlz-4ZvMoCISaAapzsSAhfShWhKbiUTCwfFbu8-Cohc7IveQJhw6YUAYVPnprlFaXk7cgrzrLDEqckfG2OsSGShy784EbNW8Eq7DWq8v1bZUkGyzA==&uniplatform=NZKPT&language=CHS
97	智能光照台灯在青少年焦虑抑郁患者治疗中的应用	李洪艳	兴义市人民医院	2023/6/15	青春期健康	无	无	特色期刊	0	15	焦虑抑郁; 智能光照台灯; 宗氏焦虑自评量表; 宗氏抑郁自评量表; 社会功能缺陷筛选量表	目的 ：探究智能光照台灯在青少年焦虑抑郁患者中的应用。方法 ：选择兴义市人民医院神经内科二病区从2023年3月份以来收治的50例焦虑抑郁患者为研究对象，采用随机数字法的方式将患者分为观察组（25例）、对照组（25例），对照组患者接受常规治疗，包括心理治疗、对症用药治疗；观察组患者在常规治疗的基础上应用智能光照台灯辅助治疗，分别于治疗前后采用宗（Zung）氏焦虑自评量表和宗（Zung）氏抑郁自评量表评价患者焦虑抑郁状况，使用社会功能缺陷筛选量表评价患者的社会功能。结果 ：采用智能光照台灯干预后观察组宗氏焦虑自评量表及宗氏抑郁自评量表评分比对照组低，社会功能缺陷筛选量表评分比对照组低，差异均具有统计学意义（P <0.05）。结论 ：智能光照台灯应用于焦虑抑郁患者治疗中，可减轻患者焦虑抑郁状况，提高社会功能，效果良好，值得临床应用。	https://kns.cnki.net/kcms2/article/abstract?v=z-q19lQZUWGyBMXMOP-WgdjVgQLhfy9tBBxH6bs7I9WdoinmsaVBarJNJwJ9Fch41OPvPyM8PzbYUVU_C_1xP9O4mTgMdwuVsNyxgmxXRURHltSelPnqD6HmS8LnFe_P8KwYBBZOCOz0l7MqS6EqPw==&uniplatform=NZKPT&language=CHS
98	家庭亲密度与适应性、人格对初中生抑郁的影响：中介作用与干预研究	任志雅	贵州师范大学	2023/6/14	贵州师范大学	社会科学Ⅱ辑	教育理论与教育管理	硕士	0	413	初中生; 家庭亲密度与适应性; 人格; 抑郁	"近年来,各地中小学逐渐开展家庭教育主题活动,家庭是出生和成长的最初场所。家庭亲密度与适应性作为直接反映家庭环境的客观标准,对个人有着莫大的影响。在初中阶段,人格的发展对个人的成长也有重要的意义,抑郁作为一种负性情绪己成为影响青少年身心健康的主要因素之一。本研究通过问卷调查贵阳市某中学初中生的家庭亲密度与适应性、人格和抑郁,探究三者的现状,并研究三者之间的关系。并通过以萨提亚为主题的团体辅导方案,改善被试的抑郁。采用实验组和对照组前、后测方法,随机选取初三的四个班级分别作为实验组与对照组,对照组进行正常的心理健康教育课程,实验组进行团体辅导的干预。团体辅导干预完成后,对学生进行抑郁测量,最后通过测试结果来评估干预的效果。研究得出如下结论:(1)T1时间,家庭亲密度与家庭适应性在性别与是否独生均无显著差异,只有T2时间的亲密度与适应性在独生子女存在差异。仅有T2时间,抑郁在性别上存在显著差异;T1时间,是否独生在小五人格的开放性维度上存在差异,性别差异测量中除了宜人性和开放性维度外,在其余三个维度外向性、情绪性和谨慎性有差异;T2时间的测量在性别只有外向性存在差异,在独生子女上除了开放性,其他四个维度存在差异。(2)初中生的家庭亲密度与适应性对抑郁存在显著的负向预测作用。(3)外向性和情绪性在家庭亲密度与抑郁间发挥中介作用。(4)团体辅导干预能显著降低初中生的抑郁。 "	https://kns.cnki.net/kcms2/article/abstract?v=z-q19lQZUWGyBMXMOP-WgdjVgQLhfy9tDMXnxXF2BwUfwiKahi-QIS4BQsaRVJps3iH-sCNtSZsrXKfsa3Rjmj-Ze4bbErHeagG4zkpJN0BQjq6sfXWx-1H1Eev0GOMgw1p0E6tFOyOkjhjh6w9Cag==&uniplatform=NZKPT&language=CHS
99	首发青少年双相情感障碍重度抑郁发作患者甲状腺激素水平及其与焦虑症状的相关性	李峥;王体宾;朱俊敬;李猛;阎琳	郑州市第八人民医院	2023/6/13	河南医学研究	医药卫生科技	儿科学;精神病学	期刊	0	85	青少年; 双相障碍抑郁发作; 焦虑症状; 甲状腺激素水平	目的 探讨首发青少年双相情感障碍重度抑郁发作患者甲状腺激素水平，了解甲状腺水平与焦虑症状的相关性。方法 选择2020年12月至2021年11月在郑州市第八人民医院门诊及住院治疗的60例双相情感障碍重度抑郁发作患者作为研究组，纳入60例青少年健康学生为对照组，测定两组血清甲状腺激素水平，研究组采用汉密尔顿焦虑量表(HAMA)评定焦虑症状，分析甲状腺激素水平与焦虑症状的相关程度。结果 研究组血清三碘甲状腺原氨酸(TT3)、游离三碘甲状腺原氨酸(FT3)水平高于对照组，差异有统计学意义(P<0.05);研究组、对照组游离甲状腺素(FT4)、总甲状腺素(TT4)、促甲状腺激素(TSH)水平比较，差异无统计学意义(P>0.05)。研究组血清TT3水平与精神化焦虑因子、躯体化焦虑因子及HAMA总分呈正相关(P<0.05);血清FT3水平与精神化焦虑因子、躯体化焦虑因子及HAMA总分呈正相关(P<0.05);血清FT4与精神化焦虑因子及HAMA总分呈正相关(P<0.05);血清TSH水平与HAMA总分呈正相关(P<0.05)。结论 首发青少年双相情感障碍抑重度郁发作患者血清TT3、FT3水平升高；随着血清TT3、FT3、FT4水平的升高，焦虑症状可能越严重。 	https://kns.cnki.net/kcms2/article/abstract?v=z-q19lQZUWGJfdt2DM2TBuITr2RWU_Bj9gqjpwOOpDYkFmb-ps4vsWhyXk5LKz3bIw3wEOUvbVRooZI06sZBk6eU5yarPQY4O-LxHwz42RsWk47B790xS9dTlOQwrLeLKaGit3jbMl2zu7KJHybKcw==&uniplatform=NZKPT&language=CHS
